State,Year,Crime_Total_Offense,Crime_Murder_Slaughter,Crime_Forcible_Rape,Crime_Robbery,Crime_Aggrevated_Assault,Crime_Property,Crime_Burglary,Crime_Larcency,Crime_Motor_Vehicle_Theft,Eco_Civilian_non_institutional_population,Eco_Total_Civilian_labourforce,Eco_Percent_of_population_Civilian_labourforce,Eco_Total_Employment_Civilian_labourforce,Eco_Percent_of_population_Employment_Civilian_labourforce,Eco_Total_Unemployment_Civilian_labourforce,Eco_Rate_Unemployment_Civilian_labourforce,Eco_Per_capita_disposable_personal_income,Eco_Per_Capita_GDP,Arms_AnyOtherWeapons,Arms_Combinations,Arms_Derringers,Arms_DestructiveDevices,Arms_FlareGuns,Arms_Machineguns,Arms_Pistols,Arms_Receivers_Frames,Arms_Revolvers,Arms_Rifles,Arms_Shotguns,Arms_Silencers,Arms_TearGasLaunchers,Arms_UnknownTypes,Arms_Total_Weapons,RPPs_All_items,RPPs_Goods,RPPs_Services_Rents,RPPs_Services_Other,Marijuana_Use_PastYear, Marijuana_Use_PastMonth,Cocaine,Alcohol,Tobacco,Cigarette,Serious_Mental_Illness,Any_Mental_Illness,Serious_Suicide_Thoughts,Major_Depression,Economic_BigMacIndex,Economic_HappinessIndex,PF_Total_law_enforcement_employees,PF_Total_officers_Male,PF_Total_officers_Female,PF_Total_Officers,PF_Total_civilians_Male,PF_Total_civilians_Female,PF_Total_civilians,PF_Number_of_agencies,PF_estimated_population
ALABAMA,2014,328915,276,2005,4701,13745,154094,39715,104238,10141,3781708,2160842,57.1,2014290,53.3,146552,6.8,33860,38591,1,2,61,1,0,17,3579,7,1069,649,502,0,0,3,5891,87.1,96.2,63.8,93.3,366,206,48,1763,1243,1023,165,712,145,250,4.7,7,11455,7131,567,7698,1398,2359,3757,246,3398260
ALASKA,2014,45352,41,771,629,3243,20334,3150,15445,1739,539842,365383,67.7,340302,63,25081,6.9,50997,72354,0,2,4,0,0,4,361,5,117,143,76,0,0,2,714,106.3,101.3,144.4,96.7,103,63,9,307,163,124,20,94,22,34,4.7,7,1938,1145,113,1258,231,449,680,33,732371
ARIZONA,2014,457396,319,3378,6249,16970,215240,43562,154091,17587,5176387,3099884,59.9,2889380,55.8,210504,6.8,34518,40663,2,5,56,4,0,20,4260,11,1057,1400,786,0,0,9,7610,96,97.5,91.4,97.3,670,438,118,2782,1180,1002,203,920,210,362,4.7,7,22817,11335,1328,12663,4762,5392,10154,123,6731484
ARKANSAS,2014,212279,165,1763,2050,10265,99018,24790,68627,5601,2286193,1316506,57.6,1237248,54.1,79258,6,34625,38058,5,1,9,1,0,7,472,1,159,171,104,1,0,2,933,86.9,94.7,62.9,93.3,247,149,22,1012,842,679,115,441,101,161,4.7,7,9380,5407,510,5917,1476,1987,3463,290,2968654
CALIFORNIA,2014,2048093,1699,11527,48680,91803,947192,202670,592670,151852,29977049,18714706,62.4,17310937,57.7,1403769,7.5,45204,59915,10,29,278,3,2,121,15570,265,6710,7501,4350,8,0,43,34890,113.7,103.7,147.4,106.6,4170,2673,656,15834,5729,4769,1090,5241,1093,1819,4.7,7,118491,67124,10066,77190,15230,26071,41301,467,33283385
COLORADO,2014,287574,151,3039,3039,10325,135510,23472,99464,12574,4140599,2802528,67.7,2662404,64.3,140124,5,44502,55270,3,3,34,1,1,13,1919,0,541,550,321,2,0,1,3389,102,99.6,111.3,99.1,824,603,109,2640,1091,842,148,710,158,250,4.7,7,15009,9075,1403,10478,1480,3051,4531,215,4890971
CONNECTICUT,2014,146662,86,782,3159,4495,69070,11955,51005,6110,2866473,1887428,65.8,1762564,61.5,124864,6.6,55915,66152,0,2,14,8,0,11,646,435,288,280,142,3,0,1,1830,108.6,104.2,116.4,109.1,382,237,64,1791,626,503,97,454,92,167,4.7,7,10461,7811,823,8634,758,1069,1827,104,3596677
DELAWARE,2014,60376,54,386,1269,2867,27900,5768,20865,1267,736528,452187,61.4,426325,57.9,25862,5.7,40917,68097,0,1,8,0,0,0,522,0,187,120,111,0,0,0,949,101.1,99.1,101.8,103,99,59,14,434,217,181,28,136,27,49,4.7,7,3243,1952,242,2194,443,606,1049,56,934360
FLORIDA,2014,1466413,1149,8563,24914,72895,679446,143220,493647,42579,15941053,9567295,60,8966245,56.2,601050,6.3,38574,40577,4,7,205,14,3,17,11238,35,3761,2522,1762,1,1,22,19592,99.4,98.2,105,97,1794,1166,321,8747,3971,3404,576,2463,529,894,4.7,7,60714,30832,5222,36054,9061,15599,24660,294,15848743
GEORGIA,2014,700729,580,3048,12417,22052,331316,76428,228034,26854,7650228,4738946,61.9,4403433,57.6,335513,7.1,35480,46253,3,4,79,5,0,20,6984,4,1963,1266,898,4,0,11,11241,92,96.9,79,95.1,869,585,114,3891,2045,1653,306,1365,293,491,4.7,7,26853,16711,3170,19881,2283,4689,6972,413,7907103
HAWAII,2014,90274,26,445,1107,2102,43297,7778,31640,3879,1079790,665465,61.6,636495,58.9,28970,4.4,42474,52688,0,0,1,0,0,2,45,5,23,35,16,0,0,1,128,118.4,109.5,159,104.5,130,83,17,556,229,191,38,178,43,61,4.7,7,3776,2738,268,3006,196,574,770,4,1419561
IDAHO,2014,64100,32,609,204,2623,30316,6428,22227,1661,1225617,779986,63.6,742302,60.6,37684,4.8,34326,37640,0,1,8,0,0,10,385,7,105,200,113,1,0,4,834,93.6,98.2,79.6,97.2,132,74,12,605,314,261,59,244,53,86,4.7,7,4265,2554,171,2725,336,1204,1540,111,1633383
ILLINOIS,2014,582433,685,4159,15299,27520,267385,50008,199926,17451,10049370,6513861,64.8,6052151,60.2,461710,7.1,43195,57048,2,4,127,3,1,9,6394,144,2716,1121,1035,0,0,12,11568,99.3,99,99.5,99.4,1180,750,179,5846,2649,2307,363,1587,355,574,4.7,7,34425,20092,4266,24358,5443,4624,10067,284,7428735
INDIANA,2014,373651,330,2186,6897,14686,174776,36893,124022,13861,5092023,3224772,63.3,3032497,59.6,192275,6,37013,47582,1,0,59,1,0,14,3500,4,863,599,543,2,0,1,5587,90.8,96.9,75.6,93.6,632,375,63,2720,1572,1315,237,993,203,380,4.7,7,11926,8111,652,8763,1440,1723,3163,152,4656646
IOWA,2014,138609,60,1128,1045,6264,65056,14428,46477,4151,2419050,1701445,70.3,1629331,67.4,72114,4.2,40185,53094,1,2,19,0,0,5,730,1,186,249,268,0,0,0,1461,90.3,95.4,75.1,91.9,227,117,32,1419,686,570,107,392,94,158,4.7,7,7782,4623,380,5003,1097,1682,2779,221,2946179
KANSAS,2014,168985,91,1411,1362,7259,79431,15828,56697,6906,2193420,1492158,68,1424439,64.9,67719,4.5,42073,49449,2,0,22,0,0,1,1298,5,302,365,252,1,0,0,2248,90.9,95.9,75.6,93.8,231,135,31,1237,623,505,87,371,81,145,4.7,7,10249,6120,684,6804,1394,2051,3445,324,2615274
KENTUCKY,2014,207672,160,1440,3336,4404,99166,23244,69604,6318,3425801,2006359,58.6,1876841,54.8,129518,6.5,33754,40774,3,3,38,18,0,6,1777,4,544,452,305,1,0,14,3165,88.3,94.4,68,93.1,363,227,55,1518,1205,1021,168,663,143,224,4.7,7,9315,6618,483,7101,908,1306,2214,325,3684712
LOUISIANA,2014,345582,477,1375,5695,16387,160824,38337,112596,9891,3545391,2151282,60.7,2014189,56.8,137093,6.4,38652,50318,0,1,45,2,0,12,4306,2,1214,938,688,0,1,4,7213,90.9,96.5,77.7,93.3,382,211,60,1815,1087,913,154,678,144,210,4.7,7,13567,7942,2095,10037,1217,2313,3530,113,2963395
MAINE,2014,54542,21,485,304,890,26421,5030,20592,799,1088703,696313,64,657188,60.4,39125,5.6,37656,40148,0,2,4,2,0,1,132,0,51,79,44,0,0,1,316,98,98.4,92.7,100.5,208,136,16,668,292,248,56,217,45,87,4.7,7,2815,2133,152,2285,210,320,530,135,1329570
MARYLAND,2014,326379,365,1619,9544,15133,149859,28012,108745,13102,4668587,3123048,66.9,2941562,63,181486,5.8,47459,56860,5,13,55,0,1,17,3058,28,1374,1746,1405,0,1,3,7706,110.2,103.5,126.5,107,601,388,65,2826,1059,888,147,735,157,281,4.7,7,20745,13778,2115,15893,1927,2925,4852,152,5975249
MASSACHUSETTS,2014,276933,132,2180,6036,18051,125267,24964,92043,8260,5460075,3568321,65.4,3363438,61.6,204883,5.7,50763,67117,1,1,19,0,0,3,857,2,367,179,107,0,0,2,1538,107.3,101.2,123.1,106,913,631,131,3501,1200,979,222,1056,208,394,4.7,7,20057,15246,1398,16644,1388,2025,3413,323,6524045
MICHIGAN,2014,447442,535,6273,8021,27519,202547,44184,137206,21157,7858243,4761391,60.6,4417024,56.2,344367,7.2,36655,43456,4,4,35,3,1,46,3207,126,1028,839,714,13,0,4,6024,93.6,97.4,82,96.4,1183,787,85,4466,2321,1981,336,1441,340,501,4.7,7,23179,14886,2142,17028,2950,3201,6151,634,9885202
MINNESOTA,2014,263259,88,2001,3687,6729,125377,20773,96237,8367,4251040,2972801,69.9,2848788,67,124013,4.2,43629,56730,0,3,17,0,0,4,1258,1,352,462,331,0,0,1,2429,97.5,100.7,95.6,94.8,504,301,54,2615,1164,915,185,806,173,299,4.7,7,13589,7841,1038,8879,2029,2681,4710,321,5371463
MISSISSIPPI,2014,183262,258,1058,2430,4592,87462,24352,58591,4519,2271409,1250171,55,1156341,50.9,93830,7.5,31779,33479,2,2,25,1,0,12,1550,2,465,332,248,0,0,0,2639,86.2,93.9,63.4,93.4,203,129,23,1001,796,652,109,422,88,155,4.7,7,4162,2240,284,2524,712,926,1638,60,1034125
MISSOURI,2014,379330,403,2379,5592,18482,176237,35258,124622,16357,4710631,3046903,64.7,2859966,60.7,186937,6.1,37341,45106,1,7,39,0,0,10,3050,2,729,666,467,0,0,5,4976,89.8,95.3,74.5,92.8,580,370,55,2502,1615,1373,230,862,191,312,4.7,7,20309,13048,1410,14458,2319,3532,5851,550,5843223
MONTANA,2014,53937,37,541,203,2532,25312,3595,19674,2043,806309,512245,63.5,488336,60.6,23909,4.7,37342,42250,0,1,5,0,0,0,220,0,66,127,50,0,0,0,469,94.7,99,83.8,95.5,110,80,10,490,237,180,36,154,36,51,4.7,7,2021,1332,103,1435,207,379,586,72,715466
NEBRASKA,2014,100233,54,862,1043,3316,47479,7950,35074,4455,1430832,1010818,70.6,977617,68.3,33201,3.3,43881,57024,1,1,9,0,0,2,520,3,157,195,214,1,0,1,1104,90.5,95.8,75.8,92.1,141,80,17,860,415,340,61,251,56,98,4.7,7,5152,3230,414,3644,504,1004,1508,165,1870968
NEVADA,2014,167121,170,1357,5954,10564,74538,21927,42426,10185,2191273,1388769,63.4,1278808,58.4,109961,7.9,37391,46138,2,2,26,4,0,75,1802,24,554,415,259,0,0,2,3165,97.5,96.1,95.2,101.1,272,164,36,1246,602,526,91,392,92,132,4.7,7,8973,4985,516,5501,1298,2174,3472,51,2834483
NEW HAMPSHIRE,2014,54684,12,594,537,1459,26041,4162,21022,857,1082720,743320,68.7,711551,65.7,31769,4.3,47365,52158,1,0,0,0,0,1,122,0,58,54,20,0,0,0,256,105.7,100.4,119.4,104.6,176,122,27,720,269,216,49,217,43,82,4.7,7,3401,2363,220,2583,259,559,818,153,1178499
NEW JERSEY,2014,333332,349,1274,10498,11225,154993,31710,111578,11705,6993918,4487038,64.2,4183541,59.8,303497,6.8,50789,59307,0,3,29,0,0,32,2129,5,1023,414,353,0,0,6,3994,113.8,102.5,136.3,113,754,428,96,4171,1563,1302,242,1106,245,440,4.7,7,38778,26976,2692,29668,3543,5567,9110,536,8643347
NEW MEXICO,2014,160213,101,1475,2086,8797,73877,18505,49082,6290,1604673,931752,58.1,869558,54.2,62194,6.7,33866,42724,2,0,17,0,0,7,783,1,217,397,219,0,0,1,1644,94.7,96.9,83.8,99.7,240,150,36,814,437,367,67,309,61,96,4.7,7,4780,2995,346,3341,585,854,1439,72,1417885
NEW YORK,2014,753962,617,5433,24045,45303,339282,50781,272765,15736,15689490,9529418,60.7,8925698,56.9,603720,6.3,47391,68661,0,1,89,0,0,16,3793,14,1756,1137,869,0,0,11,7686,115.7,108.6,135.8,111.6,2172,1309,370,9168,3816,3230,573,2684,565,963,4.7,7,78535,50327,8043,58370,7197,12968,20165,348,18085498
NORTH CAROLINA5,2014,604161,510,2420,8416,21421,285697,79373,192694,13630,7685057,4696781,61.1,4400314,57.3,296467,6.3,35785,45812,5,4,119,1,0,20,5506,8,1913,1686,1474,2,0,5,10743,91.4,96.3,79.8,93.3,888,497,113,3761,2030,1712,361,1429,330,542,4.7,7,34520,21230,2750,23980,4949,5591,10540,522,9939131
NORTH DAKOTA,2014,33170,22,358,173,1407,15605,2707,11384,1514,569245,413544,72.6,402521,70.7,11023,2.7,49696,76652,1,1,12,0,0,3,438,2,155,415,278,0,0,3,1308,91.6,95.2,82.4,91.7,56,32,7,347,176,143,22,89,21,34,4.7,7,2157,1423,170,1593,198,366,564,112,739482
OHIO,2014,682086,464,5042,12753,14771,324528,78845,227668,18015,9094399,5704371,62.7,5373053,59.1,331318,5.8,38105,49291,3,5,96,1,0,27,6204,10,1882,1086,988,24,0,7,10333,89.4,96.2,72.9,91.9,1017,616,130,5114,2933,2454,434,1777,385,643,4.7,7,12771,8692,924,9616,1208,1947,3155,196,4429039
OKLAHOMA,2014,247708,175,1777,3048,10744,115982,29508,75891,10583,2945163,1798260,61.1,1717628,58.3,80632,4.5,41281,48409,1,0,10,1,0,10,765,2,227,302,165,2,0,0,1485,89.5,95.5,71.3,93.3,302,178,29,1503,1035,845,123,540,111,178,4.7,7,10155,6347,550,6897,1396,1862,3258,340,3742354
OREGON,2014,237834,81,1458,2093,5592,114305,17230,87526,9549,3162711,1936869,61.2,1805524,57.1,131345,6.8,37229,45887,0,5,42,1,0,11,1666,15,568,1037,457,2,3,5,3812,98.8,99,101.2,97.4,596,385,65,1875,827,642,145,692,138,252,4.7,7,10312,5721,635,6356,1674,2282,3956,208,3853147
PENNSYLVANIA,2014,534196,614,3827,13534,22189,247016,45720,188256,13040,10202038,6392355,62.7,6017923,59,374432,5.9,42867,52117,1,14,71,0,0,9,4848,6,1676,1384,908,1,0,11,8929,98.1,99.3,88.7,102.6,1149,722,160,6058,2871,2375,395,1731,396,653,4.7,7,29408,22089,2522,24611,1879,2918,4797,996,9491505
RHODE ISLAND,2014,48183,25,361,529,1398,22935,4823,16279,1833,853199,556579,65.2,513753,60.2,42826,7.7,42729,49372,0,1,3,0,0,0,225,11,90,64,42,0,0,0,436,99.8,98.3,101.7,100.4,158,107,18,510,212,177,39,178,35,63,4.7,7,3126,2305,192,2497,265,364,629,49,1055173
SOUTH CAROLINA,2014,358486,311,2068,3997,17676,167217,36721,117594,12902,3756490,2222345,59.2,2078592,55.3,143753,6.5,34059,38055,0,1,33,0,0,2,2330,3,769,494,433,0,0,2,4067,90,96.6,75.7,93.2,414,239,44,1878,1119,938,156,636,150,210,4.7,7,12732,8375,1177,9552,1199,1981,3180,305,4363706
SOUTH DAKOTA,2014,34590,20,470,200,2096,15902,2818,12077,1007,643360,446715,69.4,431382,67.1,15333,3.4,42785,51998,2,1,2,0,0,6,88,0,28,68,57,0,0,0,252,88,95.1,67.3,91.6,55,30,6,374,188,153,25,104,24,33,4.7,7,2913,1560,109,1669,546,698,1244,141,850827
TENNESSEE,2014,440742,371,2531,7265,29681,200447,46642,141206,12599,5107200,3024186,59.2,2825051,55.3,199135,6.6,37458,44592,6,3,96,1,1,24,3044,3,1081,913,656,0,0,11,5839,89.8,96.1,73.7,93.3,501,273,57,2287,1548,1207,233,1005,216,344,4.7,7,26709,15211,1563,16774,4584,5351,9935,454,6544147
TEXAS,2014,1737282,1184,11393,31181,65656,813934,169234,576154,68546,20089863,13039452,64.9,12374172,61.6,665280,5.1,41594,56484,4,6,115,4,1,46,8977,51,2329,2510,1906,6,1,21,15977,96.5,97.3,91.4,98.7,1792,1132,270,9892,4955,4245,723,3229,658,1181,4.7,7,60056,33986,4526,38512,9404,12140,21544,763,19082328
UTAH,2014,175768,67,1454,1312,3513,84711,11518,65895,7298,2098272,1427065,68,1372636,65.4,54429,3.8,34409,46335,0,0,11,1,0,6,590,2,141,242,117,0,0,0,1110,96.8,96.6,92,100.2,196,112,24,708,389,342,97,417,97,159,4.7,7,7018,4545,334,4879,949,1190,2139,136,2935672
VERMONT,2014,19724,10,110,70,432,9551,2034,7273,244,513217,347058,67.6,333383,65,13675,3.9,42944,45619,0,0,0,0,0,0,71,0,30,42,18,0,0,0,161,102.5,98.3,118.3,100.3,100,67,12,326,136,112,27,102,23,40,4.7,7,1489,1090,104,1194,98,197,295,87,621172
VIRGINIA,2014,337780,338,2310,4292,9400,160720,23122,129933,7665,6437958,4241179,65.9,4019470,62.4,221709,5.2,44509,53648,2,5,66,9,0,13,4057,18,1106,1101,741,5,2,4,7129,102.7,99.6,112.3,100.8,813,432,104,3537,1834,1512,239,1124,242,435,4.7,7,23868,16559,2299,18858,1364,3646,5010,282,8324027
WASHINGTON,2014,543548,174,2695,5640,11627,261706,55290,175769,30647,5520451,3491487,63.2,3277540,59.4,213947,6.1,46254,60352,1,3,26,3,0,9,1890,5,563,798,404,1,0,3,3706,104.9,103.7,112.7,102.1,1012,693,108,3080,1369,1130,232,1049,226,385,4.7,7,14566,9334,977,10311,1610,2645,4255,255,7037348
WEST VIRGINIA,2014,80884,74,505,651,4358,37648,8973,26779,1896,1484079,788821,53.2,736472,49.6,52349,6.6,32656,37780,0,1,16,0,0,5,396,1,156,226,132,0,0,0,933,88.2,94.5,64.4,95,158,92,18,594,569,470,79,305,60,105,4.7,7,,,,,,,,,
WISCONSIN,2014,257190,165,1674,5066,9809,120238,21216,89103,9919,4525728,3081543,68.1,2914992,64.4,166551,5.4,39965,49044,1,1,27,0,1,3,2121,12,544,527,443,0,1,3,3684,93.3,96,86.6,93.6,509,279,85,2958,1294,1044,183,807,170,296,4.7,7,18244,11066,1710,12776,2226,3242,5468,401,5741285
WYOMING,2014,24096,16,174,53,899,11477,1689,9185,603,449236,305970,68.1,293302,65.3,12668,4.1,50551,66464,2,0,1,0,0,0,83,0,41,66,31,0,0,0,224,96.8,98.8,93.5,96,46,28,6,261,146,114,19,83,17,31,4.7,7,1956,1181,141,1322,181,453,634,60,538210
ALABAMA,2015,312444,348,2039,4611,15954,144746,35255,99156,10335,3797477,2161481,56.9,2030005,53.5,131476,6.1,34951,39020,1,1,62,2,0,16,3340,20,868,830,617,1,0,9,5767,86.8,96.4,62.8,93.3,352,197,48,1745,1204,961,170,691,148,250,4.8,7.1,13079,8085,716,8801,1469,2809,4278,192,3274209
ALASKA,2015,47004,59,901,761,3671,20806,3511,15249,2046,542058,363270,67,339619,62.7,23651,6.5,52384,72948,1,2,7,0,0,2,480,13,116,148,75,0,0,1,845,105.5,101.7,139.4,95.8,116,77,11,313,177,140,21,94,24,35,4.8,7.1,9,5,0,5,1,3,4,1,
ARIZONA,2015,442226,309,3108,6360,18235,207107,37957,152365,16785,5274051,3163828,60,2972014,56.4,191814,6.1,35612,41031,6,7,66,3,0,20,5075,71,1086,1466,766,2,0,2,8570,96.1,96.8,91.4,98.5,661,434,123,2808,1226,1054,219,925,219,342,4.8,7.1,22653,11442,1365,12807,4614,5232,9846,119,6828065
ARKANSAS,2015,209198,181,1931,2098,11316,96836,22640,68424,5772,2297832,1331377,57.9,1264455,55,66922,5,35520,38233,1,0,10,1,0,6,676,1,212,196,129,0,0,0,1232,87.4,94.9,63.9,93.4,256,161,25,1002,811,666,117,438,98,172,4.8,7.1,9352,5363,497,5860,1419,2073,3492,289,2967437
CALIFORNIA,2015,2216711,1861,12811,52862,99349,1024914,197404,656517,170993,30301485,18828763,62.1,17660651,58.3,1168112,6.2,47841,62403,11,16,277,2,6,89,17488,141,6779,7926,4267,8,0,33,37043,113.8,103.8,147.3,107,4505,2878,670,16354,5678,4706,1035,4997,1115,1731,4.8,7.1,118407,67389,10013,77402,15132,25873,41005,466,33540703
COLORADO,2015,305787,176,3257,3323,10759,144136,23454,104682,16000,4231028,2825111,66.8,2714821,64.2,110290,3.9,45533,56724,4,2,36,0,0,15,2269,22,661,809,431,1,0,10,4260,102.3,99.4,114.7,98.1,957,695,119,2599,1086,862,173,794,182,294,4.8,7.1,17940,10388,1447,11835,2182,3923,6105,236,5443645
CONNECTICUT,2015,137977,117,773,2892,4063,65066,10053,48675,6338,2871142,1888994,65.8,1780915,62,108079,5.7,57288,67717,0,2,6,0,0,5,466,2,183,130,85,0,0,1,880,108.5,103.8,116.8,109,435,270,72,1805,651,524,96,483,97,188,4.8,7.1,9696,7142,776,7918,733,1045,1778,104,3590886
DELAWARE,2015,55630,63,341,1235,3081,25455,4773,19501,1181,745378,465486,62.4,442855,59.4,22631,4.9,42491,69988,0,0,2,0,0,0,807,5,169,125,136,0,0,1,1245,100,98.9,97.5,103,94,58,17,418,203,174,27,133,29,46,4.8,7.1,3303,1994,245,2239,425,639,1064,56,944670
FLORIDA,2015,1234166,1041,7553,21137,63895,570270,109268,420341,40661,16258394,9594383,59,9070977,55.8,523406,5.5,40246,41522,10,12,160,5,3,32,11522,265,3419,2400,1525,16,0,16,19385,99.5,98.4,105.3,96.9,1964,1235,316,9219,3796,3176,567,2630,563,933,4.8,7.1,58280,31154,5133,36287,7993,14000,21993,274,15436887
GEORGIA,2015,656089,615,3224,12247,22557,308723,66374,215867,26482,7758751,4768825,61.5,4482922,57.8,285903,6,37000,47313,3,1,100,3,0,25,8014,9,1784,1157,817,8,0,12,11933,92.8,97,81.1,95.5,953,588,138,3983,2108,1659,297,1299,301,479,4.8,7.1,26435,16514,3176,19690,2256,4489,6745,349,7918943
HAWAII,2015,112893,19,561,1203,2418,54346,6557,42010,5779,1086115,673814,62,649808,59.8,24006,3.6,44168,54277,0,0,0,0,0,2,35,0,18,38,15,0,0,0,108,119.2,110.5,163.4,104.1,133,86,21,527,217,188,38,168,41,60,4.8,7.1,3765,2650,289,2939,270,556,826,4,1431603
IDAHO,2015,61284,32,694,192,2650,28858,6124,20863,1871,1245494,794687,63.8,762070,61.2,32617,4.1,35939,38216,0,1,8,0,0,19,494,4,158,279,130,1,0,0,1094,93.3,98.5,78.7,96.5,133,75,13,581,284,230,54,243,52,85,4.8,7.1,4384,2580,186,2766,345,1273,1618,109,1649047
ILLINOIS,2015,560812,744,4821,14910,28879,255729,46443,191634,17652,10052779,6505855,64.7,6117766,60.9,388089,6,44826,57899,4,11,123,0,0,28,7220,22,2584,1309,1080,0,1,8,12390,99,98.5,99.4,99.4,1221,783,187,5725,2510,2150,343,1570,378,581,4.8,7.1,22642,11670,1625,13295,5161,4186,9347,326,5279933
INDIANA,2015,369347,373,2404,7111,15765,171847,34410,123918,13519,5114991,3266753,63.9,3108735,60.8,158018,4.8,38194,47152,1,1,71,0,0,10,3888,24,883,592,522,4,0,1,5997,90.1,96.3,74.8,92.7,685,433,65,2707,1639,1382,237,1014,206,389,4.8,7.1,10717,7528,641,8169,1135,1413,2548,136,4149479
IOWA,2015,136850,72,1156,1047,6661,63957,14892,44723,4342,2430210,1698092,69.9,1634249,67.2,63843,3.8,41316,54270,2,2,9,1,0,6,892,17,217,293,206,0,0,0,1645,89.9,95.1,75.3,91,212,111,26,1426,676,536,97,402,92,151,4.8,7.1,8025,4767,416,5183,1134,1708,2842,232,3044165
KANSAS,2015,169751,128,1615,1818,7792,79199,15362,56880,6957,2203459,1489560,67.6,1427337,64.8,62223,4.2,42496,50248,3,1,27,0,0,10,1383,10,308,345,258,0,0,0,2345,90.2,95.7,74.5,92.8,263,157,26,1216,565,436,87,372,88,149,4.8,7.1,8831,5290,574,5864,1212,1755,2967,236,2316255
KENTUCKY,2015,202400,209,1492,3307,4668,96362,22260,66320,7782,3441396,1981373,57.6,1876497,54.5,104876,5.3,34925,40968,2,3,39,0,0,12,1990,9,552,373,284,3,0,44,3311,88.7,94.6,68.9,93.2,410,237,56,1532,1226,1027,169,707,155,252,4.8,7.1,7730,5825,496,6321,560,849,1409,301,3853056
LOUISIANA,2015,338466,481,1723,5550,17454,156629,35453,111435,9741,3566248,2158123,60.5,2021509,56.7,136614,6.3,39105,49834,0,5,62,1,0,5,4622,18,1318,996,735,37,1,4,7804,90.5,96.7,76.2,93.3,391,221,65,1866,1154,986,156,634,144,235,4.8,7.1,13245,7383,1735,9118,1589,2538,4127,109,2725481
MAINE,2015,50383,23,474,311,921,24327,4684,18829,814,1090628,683243,62.6,653259,59.9,29984,4.4,39069,40489,0,0,6,0,0,2,188,0,50,104,60,0,0,0,410,99.1,98.5,95.7,101.6,210,148,20,684,274,233,54,203,43,83,4.8,7.1,2837,2128,152,2280,213,344,557,135,1328669
MARYLAND,2015,305558,516,1666,9863,15417,139048,25678,100219,13151,4695352,3141602,66.9,2981859,63.5,159743,5.1,49440,57677,2,11,47,1,2,6,3554,26,1362,1690,1426,6,0,6,8139,109.6,103.6,123.9,106.8,692,440,73,2866,1163,936,139,756,166,274,4.8,7.1,22959,15149,2230,17379,2224,3356,5580,154,6005259
MASSACHUSETTS,2015,256304,128,2075,5288,19071,114871,21890,84912,8069,5502251,3589313,65.2,3417113,62.1,172200,4.8,53637,69343,0,1,27,0,0,22,1007,1,344,202,138,0,0,2,1744,107.6,101.9,123.2,105.9,980,632,139,3297,1174,946,205,1008,206,387,4.8,7.1,20673,15597,1436,17033,1519,2121,3640,360,6700236
MICHIGAN,2015,415433,571,6450,7796,26414,187101,40041,131296,15764,7881925,4758851,60.4,4500448,57.1,258403,5.4,38614,44552,0,5,55,0,0,9,3839,18,1354,955,703,1,1,10,6950,93,97.4,81.1,95.4,1155,781,101,4433,2220,1829,329,1373,314,499,4.8,7.1,22913,14829,2167,16996,2875,3042,5917,623,9531060
MINNESOTA,2015,257287,133,2321,3771,7094,121984,19299,94704,7981,4281157,3000340,70.1,2889488,67.5,110852,3.7,45101,57111,2,2,20,1,0,9,1472,12,393,497,371,0,0,1,2780,97.2,101.1,95,93.9,530,320,67,2663,1124,869,179,777,168,304,4.8,7.1,13917,8113,1098,9211,2062,2644,4706,358,5377583
MISSISSIPPI,2015,177834,259,1203,2294,4498,84790,24799,55748,4243,2277634,1264840,55.5,1184093,52,80747,6.4,32099,33543,0,1,24,2,0,2,2063,1,681,416,297,0,0,6,3493,86.2,94.1,63.1,93.4,188,118,24,943,754,605,91,394,91,129,4.8,7.1,4016,2187,228,2415,666,935,1601,64,1054769
MISSOURI,2015,377545,502,2553,6376,20830,173642,34006,122637,16999,4732197,3075362,65,2920639,61.7,154723,5,38286,45572,10,3,48,1,0,22,3620,14,737,693,434,1,0,2,5585,89.6,95.5,73.6,92.5,622,374,66,2516,1511,1233,214,823,179,303,4.8,7.1,20062,12929,1418,14347,2257,3458,5715,535,5874518
MONTANA,2015,57811,36,547,210,2818,27100,3838,20844,2418,813951,517656,63.6,496042,60.9,21614,4.2,38729,43544,3,2,10,2,0,2,328,28,113,342,102,1,0,3,936,95.1,99.7,85.5,94.7,122,89,12,492,229,165,41,157,39,54,4.8,7.1,3153,1728,125,1853,614,686,1300,106,1010981
NEBRASKA,2015,90202,62,873,994,3283,42495,6422,32072,4001,1440392,1007016,69.9,976735,67.8,30281,3,45392,58334,0,1,13,0,0,1,804,0,213,286,235,0,0,1,1554,90.2,95.4,76.3,91.2,150,89,20,872,410,331,62,253,58,100,4.8,7.1,5241,3308,414,3722,491,1028,1519,169,1894759
NEVADA,2015,174392,178,1688,6287,11965,77137,22360,43426,11351,2234013,1407748,63,1312816,58.8,94932,6.7,39552,47238,1,1,13,0,0,24,1165,22,293,269,154,1,0,1,1944,97.3,96,95.2,100.5,279,170,33,1229,575,497,95,387,96,150,4.8,7.1,9106,5603,696,6299,745,2062,2807,50,2890845
NEW HAMPSHIRE,2015,49110,14,627,468,1543,23229,3467,18871,891,1088662,745701,68.5,720583,66.2,25118,3.4,48985,53512,1,0,3,0,0,0,121,1,43,57,28,0,0,1,255,105.7,100.9,118.1,104.8,183,129,34,716,278,220,57,227,52,91,4.8,7.1,3459,2405,227,2632,262,565,827,159,1215265
NEW JERSEY,2015,314281,363,1373,9729,11414,145701,27960,105963,11778,7011760,4487308,64,4227638,60.3,259670,5.8,52610,60363,0,0,22,3,0,35,2032,20,907,468,317,0,0,2,3806,113.4,101.9,132.8,114.3,808,480,125,4175,1525,1233,247,1107,259,443,4.8,7.1,39376,27482,2790,30272,3646,5458,9104,538,8673407
NEW MEXICO,2015,167869,117,1672,2485,9407,77094,17085,51483,8526,1610276,934982,58.1,874206,54.3,60776,6.5,34822,43652,0,1,25,0,0,5,1399,2,359,456,237,1,0,5,2490,93.8,97,81.1,99,228,160,32,791,404,342,69,309,63,102,4.8,7.1,1419,864,113,977,144,298,442,46,375190
NEW YORK,2015,710223,609,6074,23936,44546,317529,44276,257940,15313,15716560,9558752,60.8,9054569,57.6,504183,5.3,49073,69814,6,2,81,0,1,10,4041,17,1822,997,821,0,0,5,7803,115.8,108.4,133.9,113,2331,1493,414,8965,3799,3215,598,2638,591,999,4.8,7.1,81036,52355,8466,60821,7227,12988,20215,418,19002699
NORTH CAROLINA5,2015,587218,517,2684,8825,22826,276183,74841,187907,13435,7788498,4770119,61.2,4497906,57.8,272213,5.7,37094,46800,234,4,104,1,1,82,6344,446,1983,1793,1443,9,0,1595,14039,91.2,96.5,78.7,93.3,886,557,144,3726,2081,1717,350,1459,315,560,4.8,7.1,34225,21058,2717,23775,4774,5676,10450,510,9929515
NORTH DAKOTA,2015,33852,21,345,148,1298,16020,2997,11440,1583,578887,412957,71.3,401409,69.3,11548,2.8,48003,72807,0,0,2,0,0,8,220,2,43,124,75,0,0,10,484,92,95,86.3,90.9,55,33,7,354,181,143,22,94,22,36,4.8,7.1,2345,1511,187,1698,260,387,647,110,755337
OHIO,2015,634948,500,5149,12554,15695,300525,69303,213993,17229,9123512,5699187,62.5,5419361,59.4,279826,4.9,39412,49960,3,1,97,36,0,42,6359,49,1707,1015,672,6,0,21,10008,89.2,95.9,72.9,91.6,1075,688,136,5014,2865,2400,459,1778,408,682,4.8,7.1,17974,12110,1146,13256,1826,2892,4718,328,6663001
OKLAHOMA,2015,242262,234,1849,3005,11418,112878,28406,74022,10450,2971140,1832157,61.7,1751434,58.9,80723,4.4,39994,50109,1,2,16,2,0,11,814,7,223,334,160,0,0,3,1573,89.8,95.7,72,93.4,321,181,34,1428,987,789,124,548,114,195,4.8,7.1,11417,6914,603,7517,1711,2189,3900,354,3911166
OREGON,2015,247906,99,1593,2146,6630,118719,18336,89836,10547,3212448,1978114,61.6,1867302,58.1,110812,5.6,39314,47811,1,4,31,3,0,6,1742,16,539,833,384,3,0,0,3562,98.5,99.2,101.5,96,608,404,70,1962,744,595,147,666,136,233,4.8,7.1,10571,5884,654,6538,1707,2326,4033,207,3943110
PENNSYLVANIA,2015,504509,658,4305,13003,22373,232085,39664,180287,12134,10213923,6413445,62.8,6073961,59.5,339484,5.3,44361,53285,4,5,95,1,0,17,4775,6,1653,1441,864,0,0,6,8867,98.2,99.3,88.7,102.8,1228,773,170,6024,2808,2288,397,1803,407,683,4.8,7.1,30602,22945,2580,25525,2013,3064,5077,1056,9788834
RHODE ISLAND,2015,42648,29,459,556,1518,20043,3947,14707,1389,855230,554426,64.8,521209,60.9,33217,6,44320,50278,0,0,4,0,0,0,237,0,77,40,19,0,0,0,377,99.9,98.4,100.2,101.5,158,110,22,526,207,170,37,170,37,59,4.8,7.1,3065,2260,181,2441,264,360,624,49,1056298
SOUTH CAROLINA,2015,347190,399,2297,3931,18073,161245,34551,113724,12970,3819176,2272996,59.5,2137158,56,135838,6,35531,38819,1,6,31,0,1,10,2577,7,946,1135,1548,0,0,15,6277,90.3,96.8,76.3,93.3,464,304,64,1833,1125,929,150,644,137,238,4.8,7.1,15943,10105,1365,11470,1821,2652,4473,374,4766016
SOUTH DAKOTA,2015,36649,32,495,216,2546,16680,2960,12532,1188,647703,449844,69.5,435901,67.3,13943,3.1,44265,53212,1,0,20,0,0,1,218,0,52,133,72,0,0,0,497,88,94.9,68.5,90.8,67,44,7,396,188,149,26,110,23,38,4.8,7.1,2598,1404,97,1501,502,595,1097,111,715590
TENNESSEE,2015,427992,406,2676,7474,29844,193796,43247,137679,12870,5155869,3057301,59.3,2885145,56,172156,5.6,38925,45756,0,0,70,1,2,24,5189,21,1619,1082,793,0,2,38,8841,89.9,96.3,73.7,93.3,549,317,81,2340,1532,1220,217,988,212,347,4.8,7.1,26722,15082,1531,16613,5093,5016,10109,451,6596144
TEXAS,2015,1668705,1316,12250,31934,67727,777739,153054,557200,67485,20513450,13087237,63.8,12505617,61,581620,4.4,41841,58113,4,8,159,7,0,56,13331,103,3002,2995,2119,5,0,28,21817,96.7,97.2,92.9,98.6,1937,1174,294,10264,4935,4103,654,3127,678,1112,4.8,7.1,71811,40116,5335,45451,10832,15528,26360,777,21727003
UTAH,2015,185627,54,1645,1326,4046,89278,12468,68103,8707,2139595,1460136,68.2,1407186,65.8,52950,3.6,36346,47522,1,1,6,0,0,7,699,9,202,250,137,2,0,0,1314,96.4,96.6,91.1,99.5,185,104,19,713,348,304,93,417,107,143,4.8,7.1,7157,4545,320,4865,991,1301,2292,133,2988837
VERMONT,2015,18351,10,136,101,492,8806,1968,6660,178,514351,344697,67,332432,64.6,12265,3.6,44447,46234,0,1,1,0,0,3,74,1,40,74,30,0,0,0,224,102.7,98.4,117,101.4,104,75,14,324,145,117,24,101,23,40,4.8,7.1,1448,1037,112,1149,109,190,299,83,591114
VIRGINIA,2015,329339,383,2340,4441,9235,156470,21340,127019,8111,6491036,4216679,65,4028801,62.1,187878,4.5,46160,54408,4,4,49,2,1,21,4794,23,1146,1055,718,3,0,3,7823,102.6,99.8,111.7,100.5,725,423,82,3505,1689,1363,279,1203,247,498,4.8,7.1,23934,16535,2234,18769,1480,3685,5165,284,8380034
WASHINGTON,2015,517132,211,2705,5449,12029,248369,50993,170509,26867,5616805,3550573,63.2,3350352,59.6,200221,5.6,48029,62024,0,1,36,1,0,13,1993,19,552,886,431,2,0,5,3939,105.2,104.4,113.1,101.7,954,616,105,3338,1276,1016,239,1062,245,405,4.8,7.1,14600,9361,980,10341,1622,2637,4259,255,7147814
WEST VIRGINIA,2015,80733,70,672,760,4729,37251,9170,25842,2239,1479473,781427,52.8,728778,49.3,52649,6.7,33299,37871,0,6,15,0,0,5,527,3,151,521,219,1,0,5,1453,88.7,94.6,66,95,158,101,23,635,570,456,78,301,61,119,4.8,7.1,4708,3556,250,3806,279,623,902,358,1833500
WISCONSIN,2015,245495,240,1780,5232,10395,113924,19554,83385,10985,4544009,3091723,68,2951132,64.9,140591,4.5,41242,49847,3,3,23,2,0,0,2468,3,468,478,316,2,0,2,3768,93,95.9,85.8,93.1,521,300,74,2872,1193,971,175,824,184,288,4.8,7.1,18474,11037,1735,12772,2436,3266,5702,406,5762062
WYOMING,2015,23604,16,173,59,1054,11151,1762,8797,592,450648,304112,67.5,290987,64.6,13125,4.3,51097,67831,0,0,1,0,0,2,91,0,36,63,18,0,0,0,211,96.4,99.4,91.5,95.2,46,27,5,257,144,113,19,85,18,33,4.8,7.1,1897,1159,135,1294,204,399,603,57,542663
ALABAMA,2016,312610,407,1916,4686,18877,143362,34065,97574,11723,3814627,2182558,57.2,2055251,53.9,127307,5.8,35390,39211,9,1,59,3,0,24,3804,3,857,736,437,2,0,13,5948,86.1,96.1,63.1,91.8,348,193,48,1626,1140,901,156,680,132,245,5,7.1,6767,,,5177,,,1590,,2106015
ALASKA,2016,55718,52,1053,850,4011,24876,4053,17766,3057,545860,361791,66.3,336979,61.7,24812,6.9,51197,71091,0,0,3,0,0,3,521,2,138,282,147,0,0,2,1098,105.7,101.8,137.4,96.9,123,87,12,301,167,132,24,105,27,39,5,7.1,1200,,,755,,,445,,478351
ARIZONA,2016,445447,380,3290,7055,21858,206432,37736,150275,18421,5381882,3236294,60.1,3063017,56.9,173277,5.4,36513,41669,5,5,69,2,1,26,5321,36,1107,1377,812,15,0,16,8792,95.8,95.7,91.7,98.9,631,385,113,2857,1206,1008,208,902,206,310,5,7.1,12132,,,8672,,,3460,,5394840
ARKANSAS,2016,211807,216,2143,2120,11982,97673,23771,66747,7155,2310612,1339525,58,1286419,55.7,53106,4,36191,38309,0,2,22,0,0,14,1592,6,501,478,370,0,0,108,3093,86.8,94.8,63.7,92.4,249,159,29,967,756,625,121,468,100,181,5,7.1,5112,,,3992,,,1120,,1840569
CALIFORNIA,2016,2178936,1930,13702,54789,104375,1002070,188304,637010,176756,30590353,19021176,62.2,17980080,58.8,1041096,5.5,49654,63853,7,22,269,12,1,114,19694,88,6888,7594,4280,15,2,48,39034,114.7,103.9,148.2,107.1,4894,3206,767,15951,5421,4586,1068,5072,1173,1786,5,7.1,52218,,,37676,,,14542,,27137339
COLORADO,2016,322683,204,3555,3528,11696,151850,23903,108336,19611,4318998,2891677,67,2796966,64.8,94711,3.3,45506,57184,0,3,37,1,0,8,2814,10,704,734,432,3,0,18,4764,101.7,98.2,117.5,96.6,988,689,106,2586,947,752,191,832,203,316,5,7.1,9511,,,7138,,,2373,,4011535
CONNECTICUT,2016,137451,78,763,2703,4579,64664,10045,47512,7107,2873564,1891786,65.8,1794477,62.4,97309,5.1,59098,67855,0,1,3,1,0,4,395,6,137,69,157,0,0,0,773,107.3,103.3,115.2,107,421,264,74,1774,665,539,100,500,104,190,5,7.1,7595,,,6438,,,1157,,3060185
DELAWARE,2016,57512,56,308,1359,3121,26334,5023,19791,1520,753577,471852,62.6,450526,59.8,21326,4.5,42955,66506,0,0,9,1,0,2,650,0,180,122,113,0,0,0,1077,100,98.7,97.1,103.3,95,66,15,409,177,150,31,129,32,48,5,7.1,995,,,821,,,174,,262629
FLORIDA,2016,1196324,1111,7598,20175,59816,553812,100325,410352,43135,16606418,9805927,59,9335870,56.2,470057,4.8,41022,42047,18,9,113,5,0,45,12675,31,3055,2251,1272,4,0,9,19487,100.1,98.2,106,98,2096,1232,277,9172,3520,2851,570,2769,535,979,5,7.1,24951,,,18486,,,6465,,8741268
GEORGIA,2016,660530,681,3509,12205,24595,309770,63344,219625,26801,7881086,4913607,62.3,4649755,59,263852,5.4,37961,48367,0,2,108,3,3,36,9818,41,2063,1185,777,3,0,3,14042,92.7,97.1,81.1,95.9,955,552,157,3800,2033,1627,315,1341,298,508,5,7.1,9374,,,7570,,,1804,,3067288
HAWAII,2016,89923,35,619,994,2769,42753,6017,31082,5654,1092963,683223,62.5,663056,60.7,20167,3,45509,55273,0,0,1,0,0,3,70,1,29,63,35,0,0,0,202,118.9,112.1,157.2,103.4,138,88,22,501,208,169,34,165,40,57,5,7.1,2537,,,2042,,,495,,995572
IDAHO,2016,62590,49,719,213,2895,29357,6318,20962,2077,1273102,814668,64,783891,61.6,30777,3.8,36547,38954,2,0,8,0,0,14,572,8,146,206,102,0,0,0,1058,92.2,97.1,77.5,96.2,141,86,16,594,278,227,60,262,59,92,5,7.1,1905,,,1446,,,459,,996522
ILLINOIS,2016,580466,1054,4908,17827,32065,262306,47989,194407,19910,10048475,6542013,65.1,6161676,61.3,380337,5.8,45740,58279,13,5,125,1,1,20,7908,9,2369,1101,906,0,0,9,12467,98.7,98.7,98.4,98.8,1199,779,181,5628,2378,1969,363,1526,377,545,5,7.1,21979,,,19177,,,2802,,6821952
INDIANA,2016,370363,439,2501,7330,16575,171759,34097,122931,14731,5145316,3328373,64.7,3181085,61.8,147288,4.4,39144,47727,1,5,51,2,1,4,4773,5,1010,691,487,1,0,0,7031,89.7,96.4,73.7,92.1,661,442,70,2724,1537,1224,244,988,227,381,5,7.1,4077,,,3610,,,467,,1846501
IOWA,2016,139892,71,1247,1148,6644,65391,15030,45378,4983,2440973,1689799,69.2,1628686,66.7,61113,3.6,41467,53931,0,3,13,0,0,4,1016,2,235,295,286,0,0,3,1857,90,95,75.1,91.5,228,129,30,1471,706,549,93,418,93,158,5,7.1,3580,,,3004,,,576,,2020231
KANSAS,2016,167794,111,1312,1671,7966,78367,14364,57066,6937,2212520,1483633,67.1,1423730,64.3,59903,4,42642,51507,0,2,22,0,0,30,1709,4,304,369,262,0,0,1,2703,90.1,95.4,74.5,93,235,149,28,1289,569,437,93,387,101,154,5,7.1,4810,,,3851,,,959,,2140280
KENTUCKY,2016,204624,260,1641,3369,5038,97158,20834,66438,9886,3458533,2015160,58.3,1911978,55.3,103182,5.1,35361,41147,3,0,30,0,0,8,2856,8,645,447,293,1,1,63,4355,87.5,94.6,67.1,91.7,428,237,59,1473,1228,1017,175,737,170,252,5,7.1,1687,,,1422,,,265,,695299
LOUISIANA,2016,335274,554,1816,5576,18556,154386,34667,109380,10339,3581818,2120980,59.2,1992249,55.6,128731,6.1,38747,48791,5,1,53,0,0,4,5229,10,1238,1015,717,8,0,2,8282,89.9,96.4,76.1,92.4,392,240,64,1888,1141,968,157,599,147,225,5,7.1,6544,,,5291,,,1253,,1874388
MAINE,2016,45472,20,412,266,950,21912,4003,17134,775,1093903,690983,63.2,664838,60.8,26145,3.8,40022,41291,0,0,5,0,0,0,180,0,37,73,51,0,0,0,346,99.4,99.2,94.3,102.5,213,160,20,646,271,224,46,187,40,76,5,7.1,1923,,,1576,,,347,,842480
MARYLAND,2016,303290,481,1756,10289,15874,137445,24692,100919,11834,4712541,3166204,67.2,3025243,64.2,140961,4.5,51103,59437,3,4,53,17,0,19,3850,75,1388,1852,1391,6,1,6,8665,109,103.1,121.8,106.4,716,478,89,2763,1082,877,156,758,175,307,5,7.1,5143,,,4311,,,832,,1307725
MASSACHUSETTS,2016,238355,134,2128,5365,18050,106339,19193,79088,8058,5540886,3617530,65.3,3477553,62.8,139977,3.9,55473,70192,0,0,7,1,0,4,1155,94,353,235,100,0,1,1,1951,109.2,102.3,122.8,108.1,1017,649,160,3398,1171,960,231,1034,212,400,5,7.1,15490,,,13008,,,2482,,6329307
MICHIGAN,2016,424812,598,7125,7120,30729,189620,39568,129876,20176,7915135,4847009,61.2,4605820,58.2,241189,5,39653,45452,7,2,39,3,0,11,3783,14,855,869,581,0,1,9,6174,92.8,97.4,80.9,94.8,1205,824,118,4391,2197,1820,339,1320,298,521,5,7.1,11957,,,10082,,,1875,,6226756
MINNESOTA,2016,248906,101,2348,3728,7217,117756,18606,90422,8728,4316697,3035242,70.3,2918185,67.6,117057,3.9,45889,57785,6,2,21,0,0,6,1694,4,399,581,491,0,0,5,3209,97.8,101.9,95.3,94.6,538,311,78,2694,1059,836,177,759,173,292,5,7.1,6877,,,5746,,,1131,,3926324
MISSISSIPPI,2016,173847,238,1277,2397,4471,82732,23354,55054,4324,2283640,1278447,56,1204372,52.7,74075,5.8,32612,33688,0,2,47,0,0,3,2589,2,831,530,456,0,0,2,4462,86,94.1,64.9,91.7,207,127,30,884,731,577,86,385,83,133,5,7.1,2137,,,1525,,,612,,620989
MISSOURI,2016,372742,537,2554,6570,21983,170549,31710,120544,18295,4752150,3081333,64.8,2941072,61.9,140261,4.6,39422,45259,1,3,32,2,0,14,4589,8,828,735,430,2,0,7,6651,89.5,95.6,73,92.2,609,382,63,2556,1454,1135,192,828,160,321,5,7.1,11234,,,8775,,,2459,,3725834
MONTANA,2016,59792,36,578,266,2960,27976,3934,21299,2743,823034,522497,63.5,500830,60.9,21667,4.1,38989,42528,0,2,6,0,0,8,333,6,150,280,95,2,1,2,885,93.4,98,80.9,94.6,147,98,15,492,243,177,43,164,42,62,5,7.1,935,,,758,,,177,,466462
NEBRASKA,2016,91876,49,994,946,3561,43163,6444,31994,4725,1451675,1009202,69.5,978237,67.4,30965,3.1,44524,58150,0,2,12,1,0,4,852,2,182,244,213,0,0,1,1513,90.1,95.1,76.1,91.6,159,103,21,901,401,323,58,258,62,98,5,7.1,2432,,,1960,,,472,,1210952
NEVADA,2016,172030,224,1733,6340,11639,76047,18850,44017,13180,2278170,1425451,62.6,1344258,59,81193,5.7,40005,47744,0,1,3,0,0,3,608,8,159,165,86,2,0,0,1035,96,94.4,94.6,99.3,286,181,43,1209,558,472,93,404,95,162,5,7.1,6619,,,4538,,,2081,,2546405
NEW HAMPSHIRE,2016,43025,17,582,427,1611,20194,2963,16360,871,1096623,751500,68.5,730066,66.6,21434,2.9,50336,54247,1,0,1,0,0,9,142,0,32,40,24,0,0,1,250,106.8,101.3,118.1,106.1,188,131,31,720,273,216,53,204,53,84,5,7.1,2812,,,2241,,,571,,1233954
NEW JERSEY,2016,298218,372,1453,8984,11105,138152,25284,101540,11328,7029521,4473781,63.6,4251211,60.5,222570,5,54056,60867,0,1,32,0,0,7,2268,6,937,367,296,0,0,4,3918,114.1,102.4,132.4,116.5,832,471,141,3971,1422,1174,244,1062,246,421,5,7.1,23865,,,19622,,,4243,,8588758
NEW MEXICO,2016,178481,139,1526,2737,10217,81931,17281,52907,11743,1617156,936723,57.9,874970,54.1,61753,6.6,35372,43635,1,0,18,0,0,3,1371,9,298,314,215,0,0,1,2230,92.4,95.6,80.1,98.1,247,165,31,817,422,344,69,298,66,104,5,7.1,2126,,,1512,,,614,,740890
NEW YORK,2016,684647,630,6260,22316,45079,305181,39821,250968,14392,15727307,9551928,60.7,9088257,57.8,463671,4.9,51390,70781,4,1,76,0,0,8,4373,44,1880,1168,781,0,0,3,8338,116.4,108.7,133,113.9,2316,1520,392,9002,3626,2987,626,2692,605,1026,5,7.1,64503,,,47424,,,17079,,13988605
NORTH CAROLINA5,2016,593299,678,2849,9336,24906,277765,72082,190377,15306,7906617,4860052,61.5,4613476,58.3,246576,5.1,37734,46809,2,4,88,2,0,192,7341,8,2035,1698,1343,0,0,3,12716,91.3,96.3,78.5,94.4,910,601,154,3655,2129,1754,358,1440,321,536,5,7.1,14905,,,12289,,,2616,,5455051
NORTH DAKOTA,2016,36707,15,342,181,1365,17402,3243,12195,1964,579709,412469,71.2,399691,68.9,12778,3.1,47311,67648,0,0,3,0,0,2,275,2,61,212,118,0,0,1,674,91.4,95,82.7,91.4,54,32,7,364,175,132,23,97,24,39,5,7.1,989,,,819,,,170,,516168
OHIO,2016,633591,654,5589,12523,16111,299357,66883,212807,19667,9154132,5743201,62.7,5454611,59.6,288590,5,40041,50290,6,3,85,2,0,16,7162,5,1578,763,638,0,0,5,10263,89.1,96,72.7,91.3,1235,813,157,4971,2820,2271,453,1741,394,693,5,7.1,10535,,,8762,,,1773,,4278131
OKLAHOMA,2016,251722,245,2039,3162,12202,117037,29103,75779,12155,2989446,1831712,61.3,1743766,58.3,87946,4.8,37895,48419,0,1,14,1,0,3,868,116,228,326,173,0,0,1,1731,88.7,95.5,70.1,92.4,322,175,43,1324,965,771,132,545,109,216,5,7.1,6807,,,5273,,,1534,,2887671
OREGON,2016,253520,113,1721,2278,6718,121345,16866,91286,13193,3276741,2047313,62.5,1948757,59.5,98556,4.8,40344,49132,3,3,24,0,0,12,1758,5,545,849,398,2,0,4,3603,100.5,100.4,105.9,97.3,732,513,83,1996,767,615,164,714,160,249,5,7.1,4735,,,3541,,,1194,,2650402
PENNSYLVANIA,2016,486037,661,4433,12326,23027,222795,35520,174228,13047,10227245,6448789,63.1,6102096,59.7,346693,5.4,45539,53969,4,11,68,2,2,19,5465,6,1626,1279,789,1,0,15,9287,98.1,99.7,88.7,101.5,1314,831,197,5957,2865,2292,416,1861,438,677,5,7.1,21344,,,18336,,,3008,,9719510
RHODE ISLAND,2016,42640,29,442,540,1513,20058,3788,14674,1596,857345,553177,64.5,524493,61.2,28684,5.2,44649,50239,0,0,6,0,1,0,250,0,75,49,34,0,0,0,415,100.6,99.1,100.4,102.4,171,130,25,543,214,171,35,160,37,60,5,7.1,2613,,,2101,,,512,,1049871
SOUTH CAROLINA,2016,346752,366,2387,4035,18108,160928,32976,114032,13920,3884049,2296800,59.1,2181587,56.2,115213,5,36218,39423,2,2,26,0,0,3,3363,13,839,503,487,9,0,0,5247,90.7,96.6,77.1,94.4,407,256,68,1829,1121,909,149,677,139,243,5,7.1,5868,,,4755,,,1113,,1670120
SOUTH DAKOTA,2016,37903,27,509,272,2813,17141,3000,12639,1502,654110,452794,69.2,439302,67.2,13492,3,44222,52938,0,1,2,0,0,2,296,1,70,172,103,2,0,1,650,88.3,94.9,69.2,91.3,75,49,8,404,198,160,26,113,24,43,5,7.1,978,,,807,,,171,,501680
TENNESSEE,2016,421767,486,2714,7813,31084,189835,40312,134404,15119,5209936,3123283,59.9,2976105,57.1,147178,4.7,39847,46348,12,1,105,2,0,15,6402,10,1596,1147,812,2,0,27,10131,89.6,96.1,75.7,91.7,649,402,91,2329,1644,1345,250,986,229,355,5,7.1,11119,,,9258,,,1861,,3864355
TEXAS,2016,1658936,1478,13367,33317,72880,768947,148740,551151,69056,20910365,13335578,63.8,12720226,60.8,615352,4.6,41312,57327,3,9,160,6,1,57,15740,210,3032,3337,2235,6,0,26,24822,96.6,97.1,93.7,98,2013,1178,302,10311,5051,4083,650,3196,699,1132,5,7.1,44448,,,34095,,,10353,,18923828
UTAH,2016,187523,72,1520,1541,4274,90058,12836,67834,9388,2192066,1505449,68.7,1453543,66.3,51906,3.4,37573,48462,0,0,11,0,0,34,804,9,172,352,168,1,0,3,1554,96,95.1,94.2,98.5,201,112,28,693,357,311,108,464,117,162,5,7.1,3416,,,2723,,,693,,2263977
VERMONT,2016,22193,14,178,106,691,10602,2103,8217,282,514801,344748,67,333628,64.8,11120,3.2,45484,47082,0,0,3,0,0,5,73,1,35,46,22,0,0,1,186,102.6,99.1,113,102.4,112,88,16,321,148,119,27,104,27,38,5,7.1,806,,,629,,,177,,355469
VIRGINIA,2016,331126,484,2737,4803,10278,156412,20018,126606,9788,6538863,4243060,64.9,4069395,62.2,173665,4.1,46743,54301,2,8,43,2,0,20,5547,14,1077,1088,636,3,0,9,8449,102.2,99.3,109.6,100.9,702,443,100,3549,1618,1332,291,1261,251,501,5,7.1,8624,,,7013,,,1611,,3042371
WASHINGTON,2016,531329,195,3077,5651,13100,254653,49180,173187,32286,5728678,3644319,63.6,3452854,60.3,191465,5.3,49670,63025,2,4,32,2,0,15,2236,9,601,906,453,5,0,3,4268,106.1,104.9,116,101.9,1068,682,113,3317,1175,938,264,1139,260,422,5,7.1,8588,,,6659,,,1929,,4626769
WEST VIRGINIA,2016,81531,81,657,720,5099,37487,9301,25677,2509,1472861,782299,53.1,734547,49.9,47752,6.1,33432,37630,0,2,22,0,0,4,827,0,265,368,214,1,0,3,1706,87.8,94.7,63.1,95.8,163,98,23,622,581,455,74,300,62,118,5,7.1,1664,,,1456,,,208,,596320
WISCONSIN,2016,241119,229,1979,4706,10765,111720,19425,82337,9958,4564350,3123595,68.4,2998625,65.7,124970,4,41911,50367,2,1,31,0,0,7,2970,9,616,593,455,1,0,20,4705,92.6,96.2,84.7,92.5,530,328,64,2909,1208,978,187,817,195,298,5,7.1,9392,,,7850,,,1542,,3907946
WYOMING,2016,24350,20,205,59,1146,11460,1771,8889,800,450277,300344,66.7,284285,63.1,16059,5.3,49319,65135,1,0,8,1,0,3,112,1,44,71,24,0,0,0,265,95.9,97.7,92.8,95,46,28,6,246,134,102,20,85,18,33,5,7.1,936,,,689,,,247,,368738
ALABAMA,2017,313871,404,2028,4217,18902,144160,31477,99842,12841,3831454,2186869,57.1,2090373,54.6,96496,4.4,36478,39599,2,5,47,1,0,4,4382,7,882,841,486,2,0,7,6666,86.1,96.1,63.1,91.7,393,240,65,1675,1196,937,177,737,144,268,5.2,7,8065,4896,339,5235,1134,1696,2830,172,2385522
ALASKA,2017,58541,62,863,951,4257,26204,4171,17775,4258,546657,359299,65.7,334449,61.2,24850,6.9,51757,71282,0,1,5,0,0,2,607,12,161,198,87,0,0,2,1075,105,101.8,132,96.9,123,87,13,296,151,112,26,107,28,41,5.2,7,1933,1135,112,1247,249,437,686,37,739515
ARIZONA,2017,444674,416,3581,7440,24207,204515,37627,147830,19058,5487880,3321564,60.5,3160248,57.6,161316,4.9,38223,42505,28,2,35,3,2,27,3748,46,786,1240,581,133,2,5,6638,96.1,95.7,92.9,98.9,741,450,119,2872,1207,966,217,944,211,342,5.2,7,22750,11480,1382,12862,4509,5379,9888,120,7016270
ARKANSAS,2017,201649,258,2053,1935,12425,92489,21862,63374,7253,2322395,1347015,58,1297215,55.9,49800,3.7,37463,38432,0,1,12,0,0,2,924,3,190,264,126,1,0,2,1525,86.2,94.8,62,92.4,286,189,35,966,742,599,122,464,103,183,5.2,7,9531,5409,567,5976,1513,2042,3555,299,2982118
CALIFORNIA,2017,2151855,1830,14721,56622,104454,987114,176690,642033,168391,30819471,19176371,62.2,18257103,59.2,919268,4.8,51697,66331,6,12,265,5,1,173,21830,253,6681,7902,4342,10,1,46,41527,115,103.9,150.4,107,5309,3513,868,16303,5228,4320,1174,5419,1205,1933,5.2,7,119684,68403,10337,78740,15470,25474,40944,461,33871863
COLORADO,2017,323604,221,3858,3838,12721,151483,22813,106809,21861,4394183,2986522,68,2902749,66.1,83773,2.8,48376,58728,6,3,23,0,0,10,3083,16,668,704,387,2,0,3,4905,102.2,98.2,120.6,96.5,1083,725,121,2722,917,722,214,838,229,325,5.2,7,16900,9935,1467,11402,1956,3542,5498,228,5303599
CONNECTICUT,2017,135198,102,837,2813,4428,63509,8890,47310,7309,2877296,1897639,66,1808328,62.8,89311,4.7,60919,68195,0,2,9,0,1,4,686,0,257,229,159,0,0,12,1359,106.8,103.3,113,106.9,456,302,82,1812,639,509,116,506,113,194,5.2,7,9380,7045,804,7849,624,907,1531,107,3588184
DELAWARE,2017,51315,54,334,1082,2891,23477,3970,18138,1369,761627,476270,62.5,454928,59.7,21342,4.5,44396,65571,0,0,4,1,0,2,718,10,159,113,107,0,0,0,1114,100,98.7,97,103.3,110,75,16,409,173,146,36,138,31,52,5.2,7,3443,2049,276,2325,433,685,1118,54,956493
FLORIDA,2017,1140065,1057,7940,18597,58031,527220,88853,395453,42914,16923016,10063431,59.5,9639326,57,424105,4.2,43085,42746,5,9,141,3,1,31,13950,35,3130,2436,1328,7,0,12,21088,100.2,98.2,106.6,97.9,2235,1426,340,9042,3566,2917,625,2861,569,1011,5.2,7,72088,37654,6939,44593,10179,17316,27495,320,18257217
GEORGIA,2017,633854,703,2718,10044,23793,298298,55374,216661,26263,7991260,5048651,63.2,4812097,60.2,236554,4.7,39649,49623,0,3,79,1,1,19,10850,17,1905,1449,858,6,0,2,15190,92.8,97.1,81.5,95.9,903,528,145,3750,2005,1582,333,1385,336,529,5.2,7,32001,19990,4054,24044,2727,5230,7957,450,9110824
HAWAII,2017,84361,39,567,1077,1894,40392,5549,29574,5269,1093885,683799,62.5,667154,61,16645,2.4,47320,56667,0,0,1,1,0,1,48,0,28,43,17,0,0,0,139,118.8,112.1,156.3,103.5,141,88,21,515,195,155,37,173,43,60,5.2,7,3729,2644,307,2951,235,543,778,4,1427538
IDAHO,2017,60046,32,707,196,2953,28079,5655,20278,2146,1303945,833906,64,807147,61.9,26759,3.2,37859,39482,2,0,8,0,0,13,654,5,196,311,158,2,0,5,1354,92.2,97.1,77.7,96.2,157,96,18,632,306,247,72,310,70,103,5.2,7,4506,2647,204,2851,341,1314,1655,111,1715911
ILLINOIS,2017,571174,997,5556,17567,32060,257497,43459,193157,20881,10040150,6478307,64.5,6159030,61.3,319277,4.9,47118,58976,7,4,86,0,0,13,9870,19,2217,1018,791,0,2,10,14037,98.5,98.7,97.4,98.9,1348,875,203,5738,2352,1917,402,1627,376,612,5.2,7,35332,20897,4318,25215,5362,4755,10117,354,7976833
INDIANA,2017,348862,397,2625,6600,16976,161132,30140,115591,15401,5174714,3334433,64.4,3215427,62.1,119006,3.6,40470,48474,6,3,67,6,0,22,5626,9,1044,858,546,7,0,6,8200,89.7,96.4,73.8,92.1,725,478,102,2705,1445,1155,259,1041,251,398,5.2,7,9972,7178,616,7794,864,1314,2178,97,3550712
IOWA,2017,142940,104,1234,1253,6639,66855,15078,46198,5579,2451003,1672660,68.2,1620442,66.1,52218,3.1,42332,53615,0,2,14,1,0,5,1266,3,268,337,299,0,0,2,2197,90,95,75.2,91.4,273,161,36,1503,677,539,109,450,111,183,5.2,7,8160,4818,434,5252,1157,1751,2908,238,3081556
KANSAS,2017,175216,160,1627,1785,8458,81593,13931,59816,7846,2216059,1476110,66.6,1422274,64.2,53836,3.6,43656,52073,0,4,22,0,0,10,1919,0,319,395,271,8,0,1,2949,90,95.4,74.2,92.9,255,145,36,1333,575,459,102,421,104,162,5.2,7,9613,6166,708,6874,912,1827,2739,322,2765707
KENTUCKY,2017,199722,263,1661,2958,5174,94833,20195,64394,10244,3473600,2053074,59.1,1952513,56.2,100561,4.9,36602,41449,0,3,51,1,0,12,3517,36,721,917,529,4,3,52,5846,87.4,94.6,67.1,91.7,434,266,57,1435,1213,964,187,747,158,264,5.2,7,9811,7151,508,7659,885,1267,2152,321,4076207
LOUISIANA,2017,341516,582,1867,5358,18285,157712,34265,112485,10962,3583058,2103217,58.7,1995433,55.7,107784,5.1,39781,49539,0,1,68,0,0,16,6601,4,1349,1346,766,0,0,6,10157,89.6,96.4,75.2,92.4,433,271,54,1884,1132,901,164,663,147,249,5.2,7,20049,12004,3414,15418,1439,3192,4631,182,4458555
MAINE,2017,41883,23,473,249,872,20133,3334,16006,793,1098863,697548,63.5,674003,61.3,23545,3.4,41617,42102,0,3,3,0,0,1,188,1,42,94,55,0,0,0,387,99,99.2,92.4,102.5,239,174,21,639,273,228,49,203,43,80,5.2,7,2900,2137,185,2322,220,358,578,132,1335392
MARYLAND,2017,299265,546,1691,11200,16836,134496,23508,97420,13568,4733156,3204581,67.7,3068886,64.8,135695,4.2,52284,59767,2,9,47,0,3,10,3948,32,1274,1832,1476,5,0,10,8648,109,103.2,121.7,106.4,718,507,105,2646,943,780,179,778,184,318,5.2,7,20060,13118,2417,15535,1670,2855,4525,150,6051172
MASSACHUSETTS,2017,221710,173,2197,4871,17319,98575,17089,73946,7540,5581734,3689566,66.1,3551388,63.6,138178,3.7,57855,71553,0,2,11,0,0,0,1256,2,343,200,126,0,0,3,1943,109,102.4,121.7,108.3,1093,743,176,3544,1195,961,256,1109,247,408,5.2,7,20119,15045,1466,16511,1534,2074,3608,300,6342223
MICHIGAN,2017,403462,569,7031,6488,30738,179318,35641,124104,19573,7950150,4884100,61.4,4658713,58.6,225387,4.6,40855,46037,1,7,51,4,1,21,4174,16,1005,918,590,1,0,14,6803,92.8,97.4,80.9,94.7,1297,919,140,4399,2164,1795,349,1405,306,546,5.2,7,23856,14898,2183,17081,3195,3580,6775,568,9347361
MINNESOTA,2017,257715,113,2385,3621,7172,122212,18787,93446,9979,4354492,3057358,70.2,2953440,67.8,103918,3.4,47361,58446,1,2,19,0,0,6,2142,3,387,621,477,0,0,4,3662,97.9,101.9,95.9,94.6,579,332,76,2640,1032,829,178,765,190,284,5.2,7,14848,8560,1129,9689,2345,2814,5159,382,5553604
MISSISSIPPI,2017,171688,245,1091,2071,5119,81581,24710,52240,4631,2288322,1277602,55.8,1212553,53,65049,5.1,33281,33969,0,1,45,0,0,4,2626,6,667,629,426,0,0,0,4404,85.2,94.1,62.7,91.7,253,158,31,917,748,589,102,420,88,155,5.2,7,4437,2608,276,2884,655,898,1553,61,1153614
MISSOURI,2017,378926,600,2729,6351,22740,173253,30081,123251,19921,4773477,3063474,64.2,2948905,61.8,114569,3.7,40666,45555,3,2,48,1,0,4,4756,7,725,596,394,0,0,5,6541,89.5,95.6,72.9,92.2,643,401,79,2537,1341,1060,226,925,186,367,5.2,7,20492,13197,1491,14688,2274,3530,5804,527,6024515
MONTANA,2017,58411,41,613,295,3012,27225,3615,21018,2592,833243,525575,63.1,504871,60.6,20704,3.9,40463,42784,0,0,6,0,0,2,317,4,91,288,89,0,0,1,798,93.9,98,83.1,94.5,160,108,16,496,232,176,42,159,39,64,5.2,7,3034,1787,130,1917,491,626,1117,109,1042018
NEBRASKA,2017,93199,43,1191,968,3671,43663,6472,31988,5203,1461509,1011977,69.2,982435,67.2,29542,2.9,45360,59036,1,0,5,0,0,5,936,2,232,306,276,0,0,0,1763,89.8,95.1,74.6,91.6,162,111,25,897,404,320,61,252,57,94,5.2,7,4852,2954,391,3345,513,994,1507,135,1704166
NEVADA,2017,173311,274,1890,4841,9662,78322,20049,45461,12812,2325189,1460754,62.8,1387628,59.7,73126,5,41840,48397,1,2,26,1,0,5,3417,8,645,579,361,0,0,1,5046,96.5,94.4,96.7,99.2,384,272,56,1173,587,477,96,424,104,152,5.2,7,9831,5991,798,6789,817,2225,3042,55,2998039
NEW HAMPSHIRE,2017,39778,14,663,419,1572,18555,2574,15066,915,1105172,754682,68.3,734205,66.4,20477,2.7,52064,54952,0,0,2,0,0,1,157,4,34,58,42,0,0,1,299,106.5,101.4,116.6,106.2,201,141,25,720,254,200,56,203,52,88,5.2,7,3623,2517,247,2764,262,597,859,167,1255077
NEW JERSEY,2017,300776,324,1505,7895,10880,140086,23891,104025,12170,7051149,4454682,63.2,4248743,60.3,205939,4.6,55892,61170,4,1,15,0,0,3,2439,0,859,382,297,0,0,2,4002,113.6,102.4,129.9,116.5,841,506,138,3953,1547,1247,253,1115,235,417,5.2,7,40469,28308,3033,31341,3580,5548,9128,534,8708009
NEW MEXICO,2017,180971,148,1259,3722,11230,82306,17917,52617,11772,1623564,935259,57.6,880442,54.2,54817,5.9,36006,43668,2,1,16,0,0,2,1270,4,299,295,192,9,0,0,2090,92.4,95.6,80.1,98,276,190,34,828,425,342,68,276,63,103,5.2,7,4208,2646,287,2933,472,803,1275,99,1022817
NEW YORK,2017,671909,548,6324,20108,43819,300555,35002,252143,13410,15717607,9549078,60.8,9100976,57.9,448102,4.7,55200,72434,2,1,80,7,0,15,5131,6,1892,1165,831,0,0,21,9151,116,108.7,131.7,113.8,2270,1497,407,9058,3248,2682,590,2713,568,999,5.2,7,83642,53305,9128,62433,7680,13529,21209,404,19009435
NORTH CAROLINA5,2017,560336,591,2715,9350,24708,261486,64786,180902,15798,8025326,4936248,61.5,4715754,58.8,220494,4.5,39147,47282,2,4,93,0,0,4,8800,22,2162,2071,1493,2,0,6,14659,91.6,96.3,79.6,94.4,941,625,154,3702,2057,1677,359,1387,352,518,5.2,7,34950,21273,2797,24070,4973,5907,10880,520,10266068
NORTH DAKOTA,2017,35329,10,399,183,1533,16602,2942,11887,1773,579184,409752,70.7,398823,68.9,10929,2.7,47279,67574,0,0,3,0,0,3,271,1,55,139,91,2,0,0,565,90.4,94.9,78.2,91.4,62,37,9,362,161,122,26,103,26,40,5.2,7,2418,1542,207,1749,222,447,669,112,755052
OHIO,2017,598751,710,5859,11605,16509,282034,58573,203208,20253,9188303,5778729,62.9,5491543,59.8,287186,5,41488,50972,0,1,94,2,0,6,8964,15,1702,1132,823,1,1,7,12748,88.9,96,72,91.3,1233,780,168,4901,2745,2192,439,1759,404,670,5.2,7,17954,12080,1380,13460,1672,2822,4494,293,6713767
OKLAHOMA,2017,244066,242,2142,3000,12550,113066,28608,72207,12251,2999228,1835725,61.2,1758210,58.6,77515,4.2,39484,48723,2,3,15,1,0,626,1360,10,207,375,168,764,0,3,3534,88.6,95.5,69.9,92.4,352,204,53,1407,903,720,144,578,118,224,5.2,7,12945,8104,724,8828,1685,2432,4117,414,3929215
OREGON,2017,259118,104,1999,2432,7139,123722,17705,88877,17140,3329917,2088780,62.7,2002804,60.1,85976,4.1,42022,50349,0,0,40,2,2,9,2192,12,662,976,469,3,0,1,4368,100.5,100.4,106.3,97.2,879,643,101,2017,793,643,172,757,166,272,5.2,7,10729,6056,711,6767,1672,2290,3962,206,4083484
PENNSYLVANIA,2017,462560,739,4201,11793,23387,211220,32057,166178,12985,10244309,6426047,62.7,6112981,59.7,313066,4.9,46836,54246,7,11,74,1,1,12,6692,25,1736,1330,872,1,0,12,10774,97.6,99.7,86.4,101.5,1338,841,210,6031,2820,2196,441,1786,426,678,5.2,7,30731,23222,2617,25839,1947,2945,4892,1064,9774479
RHODE ISLAND,2017,39582,20,445,474,1521,18561,3217,13861,1483,858855,553122,64.4,528746,61.6,24376,4.4,46274,50195,0,0,5,0,0,0,307,0,79,52,25,0,0,0,468,99.2,99.2,94.8,102.4,177,136,24,538,199,158,38,164,40,62,5.2,7,3140,2308,196,2504,250,386,636,49,1059639
SOUTH CAROLINA,2017,346582,390,2504,3870,18668,160575,31306,115012,14257,3945234,2311766,58.6,2212845,56.1,98921,4.3,37755,40204,1,2,35,1,0,19,4253,2,1012,603,490,0,0,5,6423,90.7,96.6,77.1,94.4,423,257,80,1856,1097,894,166,704,156,257,5.2,7,11876,7264,1116,8380,1448,2048,3496,283,3599207
SOUTH DAKOTA,2017,36405,25,595,238,2913,16317,2707,12227,1383,661316,456240,69,441604,66.8,14636,3.2,45049,52263,2,1,2,0,0,5,302,2,75,202,88,0,0,1,680,88.5,94.8,70.1,91.3,78,46,8,411,199,154,28,113,28,43,5.2,7,2971,1630,150,1780,523,668,1191,132,858099
TENNESSEE,2017,438731,527,2934,7862,32432,197488,38716,140248,18524,5267439,3185241,60.5,3065279,58.2,119962,3.8,40956,46780,0,2,91,2,0,33,7328,16,1689,1240,751,3,0,13,11168,89.7,96.1,76.2,91.7,688,418,102,2395,1634,1283,264,977,228,365,5.2,7,26765,15082,1654,16736,4711,5318,10029,438,6621003
TEXAS,2017,1574894,1412,14470,32267,76089,725328,134066,523221,68041,21264039,13574795,63.8,12989682,61.1,585113,4.3,43509,58182,9,10,160,2,1,56,18619,58,3231,3486,2262,20,2,42,27958,96.8,97.1,94.4,98,2163,1239,323,10485,5030,4105,763,3309,754,1168,5.2,7,70987,38154,5545,43699,11357,15931,27288,542,21164901
UTAH,2017,179886,73,1697,1468,4172,86238,11817,64892,9529,2246474,1546987,68.9,1496465,66.6,50522,3.3,39071,49380,0,0,10,1,0,20,962,2,209,321,136,3,0,4,1668,95.9,95.1,93.8,98.5,226,138,40,693,359,316,132,500,128,193,5.2,7,7196,4633,355,4988,936,1272,2208,132,3073003
VERMONT,2017,18954,14,218,92,710,8960,1854,6912,194,516063,345734,67,335571,65,10163,2.9,46457,47100,0,0,0,0,0,0,65,0,15,44,31,0,0,0,155,103.2,99.1,116.3,102.4,122,97,19,331,141,109,27,99,27,38,5.2,7,1506,1084,112,1196,106,204,310,85,614709
VIRGINIA,2017,321342,453,2862,4332,9985,151855,18468,123215,10172,6593273,4311176,65.4,4151746,63,159430,3.7,48172,54917,0,5,54,1,0,6,6708,31,1229,1199,784,1,0,3,10021,102,99.3,108.8,100.9,759,452,132,3598,1457,1169,255,1195,268,431,5.2,7,24025,16632,2404,19036,1323,3666,4989,283,8468094
WASHINGTON,2017,492602,230,3255,5390,13673,235027,43720,162511,28796,5840314,3726120,63.8,3551136,60.8,174984,4.7,52180,65169,4,3,43,0,0,5,2702,25,752,986,574,6,0,2,5102,106.8,104.9,119.4,101.9,1298,890,139,3334,1230,994,301,1277,283,477,5.2,7,15385,9664,1054,10718,1789,2878,4667,254,7377379
WEST VIRGINIA,2017,73628,85,795,524,4964,33630,7628,23000,3002,1463553,778975,53.2,738468,50.5,40507,5.2,34986,38472,0,2,25,2,1,5,949,10,253,464,238,0,0,1,1950,87.2,94.7,61.3,95.8,187,111,25,603,576,456,81,326,68,121,5.2,7,4689,3529,140,3669,414,606,1020,352,1804892
WISCONSIN,2017,228143,186,2139,4345,11869,104802,17599,77735,9468,4587157,3133405,68.3,3030655,66.1,102750,3.3,43455,50889,2,4,19,1,0,4,3398,3,474,552,338,0,0,1,4796,92.4,96.2,84.1,92.4,563,359,96,2957,1206,970,217,822,204,333,5.2,7,18406,11149,1721,12870,2342,3194,5536,410,5759066
WYOMING,2017,22584,15,263,76,1022,10604,1593,8232,779,447978,293072,65.4,280886,62.7,12186,4.2,50801,65633,0,0,4,0,0,3,150,1,34,67,28,1,0,1,289,94.5,97.7,85.6,95,53,31,7,235,126,94,21,88,19,31,5.2,7,2025,1105,138,1243,284,498,782,56,551545
ALABAMA,2018,300799,383,1996,4076,18944,137700,28841,95747,13112,3846172,2216627,57.6,2130845,55.4,85782,3.9,38217,40599,4,4,51,0,1,9,4559,6,761,688,422,6,0,1,6512,86.4,96.2,61.8,91.7,476,316,68,1778,1189,969,214,794,165,311,5.4,6.9,15855,9763,898,10661,2000,3194,5194,376,4764354
ALASKA,2018,55204,47,1192,896,4391,24339,3979,16364,3996,545955,352662,64.6,329901,60.4,22761,6.5,54601,72221,1,1,8,0,0,1,518,5,123,240,112,0,0,1,1010,104.8,101.9,125.9,97.3,129,92,13,298,137,98,28,108,31,42,5.4,6.9,1985,1162,124,1286,263,436,699,38,737438
ARIZONA,2018,418006,369,3638,6523,23528,191974,31532,141303,19139,5598000,3422583,61.1,3260518,58.2,162065,4.7,40031,43546,9,6,37,1,0,68,5065,186,885,1435,543,7,0,9,8251,96.5,95.7,94.3,99.1,921,611,113,2905,1220,994,257,1030,237,383,5.4,6.9,22428,11357,1399,12756,4417,5255,9672,114,7170315
ARKANSAS,2018,191970,216,2196,1594,12378,87793,19193,61487,7113,2332910,1353305,58,1303995,55.9,49310,3.6,39224,38971,0,1,20,0,0,2,1547,3,312,279,149,1,0,1,2315,85.3,95,60.8,92.5,306,201,34,991,747,591,125,457,106,186,5.4,6.9,10628,6123,620,6743,1533,2352,3885,303,3009746
CALIFORNIA,2018,2060218,1739,15505,54326,105412,941618,164632,621775,155211,30982666,19280821,62.2,18460725,59.6,820096,4.3,54932,68970,15,23,319,6,9,193,22517,284,6505,8262,4253,10,1,91,42488,115.4,103.8,152.5,107.4,5672,3742,912,16858,4914,3943,1243,5566,1232,2019,5.4,6.9,120041,68663,10478,79141,15339,25561,40900,465,33867039
COLORADO,2018,326950,210,4070,3797,14547,152163,21371,109119,21673,4471262,3080661,68.9,2983498,66.7,97163,3.2,51444,59930,1,2,30,0,2,25,3412,20,631,834,449,4,0,4,5414,101.9,98,120.7,96.5,1193,779,177,2859,991,793,242,924,237,368,5.4,6.9,18510,10791,1721,12512,2181,3817,5998,239,5690128
CONNECTICUT,2018,127521,83,840,2194,4294,60055,7948,44724,7383,2882304,1900664,65.9,1821891,63.2,78773,4.1,65084,68577,0,0,9,1,0,12,780,8,241,270,144,0,0,4,1469,106.1,103,109.4,107.2,522,347,62,1869,595,457,121,531,125,196,5.4,6.9,9283,6970,822,7792,596,895,1491,106,3572665
DELAWARE,2018,49059,48,338,866,2845,22481,3158,17847,1476,770007,481773,62.6,463542,60.2,18231,3.8,46487,65009,1,0,5,0,0,2,694,2,132,126,134,0,0,1,1097,98.8,98.8,92.3,103.4,130,85,18,425,189,153,42,149,38,60,5.4,6.9,3305,2043,272,2315,377,613,990,55,964931
FLORIDA,2018,1054014,1107,8438,16884,55551,486017,71933,372919,41165,17183266,10173537,59.2,9808656,57.1,364881,3.6,45390,43535,4,7,122,3,2,91,15662,274,3010,2730,1512,23,0,18,23458,100.6,98.3,107.9,98.3,2400,1573,354,9012,3568,2907,648,2889,610,1021,5.4,6.9,68605,36327,6553,42880,9951,15774,25725,333,19436120
GEORGIA,2018,575831,642,2651,8279,22783,270738,45369,200609,24760,8091404,5080472,62.8,4880038,60.3,200434,3.9,41611,50327,4,0,93,2,2,23,11842,13,1808,1439,831,0,1,0,16058,93,97.2,82,96.1,1065,658,154,3988,1971,1510,336,1405,314,551,5.4,6.9,36833,22481,4769,27250,3048,6535,9583,527,10012759
HAWAII,2018,85076,36,625,946,1925,40772,5631,29492,5649,1093097,675184,61.8,658256,60.2,16928,2.5,49483,58181,0,0,0,0,0,0,78,3,25,43,26,0,0,1,176,118.1,110.9,148.9,104.6,155,97,24,540,184,150,41,187,49,66,5.4,6.9,3624,2544,300,2844,243,537,780,4,1420491
IDAHO,2018,55255,35,791,200,2957,25636,4940,18732,1964,1334714,857207,64.2,832286,62.4,24921,2.9,39670,40274,0,2,9,1,0,2,751,0,164,292,128,4,0,0,1353,92.5,97,80.1,96.2,177,107,19,632,301,239,71,311,69,107,5.4,6.9,5567,2689,205,2894,1134,1539,2673,108,1751570
ILLINOIS,2018,544018,884,5859,14208,30539,246264,39080,187591,19593,10019831,6463957,64.5,6184805,61.7,279152,4.3,49960,60504,9,6,92,2,0,19,10243,20,1885,1065,704,1,0,16,14062,98.1,98.5,96.5,98.6,1496,964,234,5894,2162,1763,403,1754,376,661,5.4,6.9,36749,22164,4580,26744,5343,4662,10005,371,8323221
INDIANA,2018,317257,438,2370,5939,16834,145838,25268,105242,15328,5209267,3381609,64.9,3263751,62.7,117858,3.5,42360,49182,4,1,53,3,0,8,5936,13,965,874,627,2,0,7,8493,89.3,96.4,74.3,91.9,797,530,115,2743,1474,1204,264,1129,262,434,5.4,6.9,12513,8208,1141,9349,1322,1842,3164,121,4230746
IOWA,2018,114663,54,976,932,5931,53385,11127,37571,4687,2459099,1690960,68.8,1646708,67,44252,2.6,45073,54650,0,2,20,0,0,1,1488,8,288,430,340,0,0,0,2577,89.2,94.9,74.3,91.3,300,172,37,1504,659,520,128,473,129,197,5.4,6.9,7530,4350,366,4716,1213,1601,2814,219,2710078
KANSAS,2018,166154,113,1567,1543,9559,76686,12537,56305,7844,2222000,1477847,66.5,1429229,64.3,48618,3.3,46060,53096,0,1,15,0,0,8,2348,11,344,434,230,3,0,2,3396,90,95.2,75.3,93,298,140,38,1282,576,446,111,420,103,161,5.4,6.9,8992,5887,688,6575,819,1598,2417,305,2578157
KENTUCKY,2018,184857,244,1707,2457,5059,87695,17190,60244,10261,3484001,2057791,59.1,1968611,56.5,89180,4.3,38137,41966,2,0,64,0,0,20,3917,10,859,584,336,1,1,53,5847,87.8,94.8,67.8,91.8,438,284,62,1449,1160,938,189,746,157,284,5.4,6.9,9588,6897,489,7386,869,1333,2202,273,3691938
LOUISIANA,2018,330371,530,2085,4568,17866,152661,31132,109993,11536,3580744,2104497,58.8,2001995,55.9,102502,4.9,42058,50942,4,5,40,1,0,13,6814,9,1242,1023,662,4,0,6,9823,89.1,96.4,73.8,92.4,435,276,56,1875,1101,839,179,715,159,286,5.4,6.9,18554,10990,2970,13960,1592,3002,4594,185,4200142
MAINE,2018,37847,24,446,228,803,18173,2713,14683,777,1104124,695679,63,673150,61,22529,3.2,43887,42904,2,0,1,0,0,1,226,1,40,108,61,0,0,1,441,100,99,97.7,102.5,263,183,23,638,260,219,61,223,52,89,5.4,6.9,2932,2162,187,2349,214,369,583,133,1331125
MARYLAND,2018,274048,490,1979,9716,16135,122864,18892,91835,12137,4748377,3221603,67.8,3094569,65.2,127034,3.9,55191,61112,1,13,63,3,4,15,5088,131,1681,2478,1549,45,0,25,11096,108.4,103.1,119.1,106,682,469,96,2851,934,742,181,781,188,293,5.4,6.9,19916,13353,2057,15410,1620,2886,4506,149,6041598
MASSACHUSETTS,2018,197729,136,2410,4143,16648,87196,13862,66728,6606,5612547,3785489,67.4,3658286,65.2,127203,3.4,61320,73529,0,2,18,0,0,12,1201,15,327,241,163,0,0,0,1979,109.7,102.2,124,108.3,1136,761,170,3593,1145,929,260,1155,268,393,5.4,6.9,20340,15220,1497,16717,1505,2118,3623,306,6428834
MICHIGAN,2018,375478,551,7690,5656,31021,165280,31651,116178,17451,7975294,4908714,61.5,4705360,59,203354,4.1,43030,47128,0,7,31,0,0,19,4025,35,688,751,471,0,0,9,6036,92.4,97.3,80.2,94.5,1457,1008,161,4455,2019,1629,355,1469,319,573,5.4,6.9,23991,15076,2153,17229,3559,3203,6762,609,9334869
MINNESOTA,2018,236117,106,2462,2944,6857,111874,16185,85561,10128,4390114,3071433,70,2981153,67.9,90280,2.9,49946,59562,1,1,27,2,0,21,2211,13,433,712,477,1,0,10,3909,97.5,101.7,94.7,94.7,674,416,110,2626,994,785,184,819,195,315,5.4,6.9,15264,8755,1172,9927,2429,2908,5337,396,5605723
MISSISSIPPI,2018,150531,171,537,1595,4696,71766,20839,46627,4300,2286292,1269134,55.5,1207680,52.8,61454,4.8,34817,34497,2,1,27,0,0,16,2661,12,547,608,325,4,0,2,4205,86,94.4,63.1,91.8,258,159,35,958,753,602,120,431,107,171,5.4,6.9,4240,2413,287,2700,595,945,1540,62,1048379
MISSOURI,2018,355104,607,2912,5197,22042,162173,27257,115101,19815,4791342,3053105,63.7,2956667,61.7,96438,3.2,42681,46544,5,3,60,6,0,12,6282,64,829,963,460,5,0,1,8690,88.8,95.2,72.3,92.2,686,408,72,2450,1273,1051,255,993,219,420,5.4,6.9,20226,12943,1485,14428,2301,3497,5798,503,5980758
MONTANA,2018,57010,34,551,269,3120,26518,3257,20465,2796,842073,528834,62.8,509568,60.5,19266,3.6,42693,43576,0,0,9,1,0,0,399,9,113,307,105,1,1,2,947,93.3,98,82.8,94.4,163,121,16,505,223,169,44,163,42,63,5.4,6.9,2902,1706,133,1839,472,591,1063,100,1017708
NEBRASKA,2018,85746,44,1233,756,3461,40126,5246,30006,4874,1471236,1023491,69.6,993561,67.5,29930,2.9,48022,59290,0,1,13,0,0,21,1045,44,217,361,286,2,0,0,1990,89.5,95,75.7,91.4,180,120,28,880,378,295,62,257,61,97,5.4,6.9,5398,3370,427,3797,559,1042,1601,162,1912427
NEVADA,2018,164390,202,2329,3862,10027,73985,17743,44338,11904,2375408,1503683,63.3,1436891,60.5,66792,4.4,44148,49476,0,1,16,1,0,17,2351,12,373,505,239,0,0,2,3517,97.5,94.5,99.2,99.9,518,358,56,1223,616,498,109,474,107,162,5.4,6.9,9110,5588,685,6273,847,1990,2837,50,3034392
NEW HAMPSHIRE,2018,36219,21,534,359,1435,16935,1847,14219,869,1112588,762758,68.6,743182,66.8,19576,2.6,55112,56029,0,0,1,0,0,2,296,4,48,76,48,3,0,0,478,106,101.2,113.7,106.1,224,158,31,729,237,178,57,221,53,88,5.4,6.9,3689,2572,266,2838,254,597,851,174,1279586
NEW JERSEY,2018,268849,286,1424,6364,10463,125156,19232,94887,11037,7062342,4432520,62.8,4250796,60.2,181724,4.1,59330,62543,1,1,25,0,0,10,2483,2,826,387,295,0,0,4,4034,115.2,102.6,131.1,116.3,856,559,109,3903,1416,1149,248,1112,239,385,5.4,6.9,40847,28659,3158,31817,3521,5509,9030,531,8638529
NEW MEXICO,2018,161263,167,1354,2830,13598,71657,16088,45390,10179,1630508,938245,57.5,892331,54.7,45914,4.9,38117,44728,1,2,10,0,0,21,1556,15,305,400,227,13,0,1,2551,91.1,95.5,76.3,98.4,298,210,35,788,415,340,71,300,67,114,5.4,6.9,3877,2433,277,2710,433,734,1167,100,994639
NEW YORK,2018,631509,562,6575,18187,43171,281507,31137,237233,13137,15692083,9521869,60.7,9127699,58.2,394170,4.1,58040,73508,0,4,67,0,0,9,4412,39,1553,946,655,1,0,3,7689,116.4,108.5,131.4,114.4,2384,1543,434,8693,2956,2421,591,2802,558,987,5.4,6.9,84204,53072,9255,62327,7860,14017,21877,412,18697787
NORTH CAROLINA5,2018,557168,628,2633,8423,27526,258979,62290,179057,17632,8137246,4986138,61.3,4787719,58.8,198419,4,41057,47905,1,3,91,0,0,34,9397,12,2002,1909,1454,1,0,9,14913,91.8,96.4,79,94.5,1014,619,156,3961,2059,1651,356,1469,358,548,5.4,6.9,34100,21179,2825,24004,4565,5531,10096,520,10377256
NORTH DAKOTA,2018,33147,18,397,158,1560,15507,2724,11008,1775,580356,403583,69.5,393199,67.8,10384,2.6,50169,69746,0,0,4,0,0,0,357,2,61,150,90,0,0,1,665,90.6,94.9,80.9,91.2,69,44,9,349,160,123,28,108,29,47,5.4,6.9,2477,1562,214,1776,251,450,701,106,759138
OHIO,2018,541715,564,5300,9185,17674,254496,48186,186401,19909,9215419,5780747,62.7,5521681,59.9,259066,4.5,43628,51848,0,8,78,0,1,34,9308,31,1512,1151,799,2,0,4,12928,88.4,96,72,91.2,1243,763,152,4905,2563,2065,478,1906,461,713,5.4,6.9,19868,13323,1653,14976,1847,3045,4892,287,6795599
OKLAHOMA,2018,245108,206,2299,2791,13084,113364,26858,73217,13289,3010984,1840609,61.1,1777564,59,63045,3.4,42038,49876,2,3,17,1,0,8,1880,32,247,497,218,8,0,2,2915,88.4,95.6,70.1,92.5,381,225,61,1493,905,724,152,592,132,237,5.4,6.9,13016,8107,786,8893,1616,2507,4123,414,3938268
OREGON,2018,254522,82,1975,2549,7360,121278,16304,88418,16556,3370555,2097202,62.2,2012235,59.7,84967,4.1,44490,51786,3,4,30,3,0,4,2492,10,634,1189,487,3,0,0,4859,101.1,100.4,107.8,97.8,930,640,107,2003,733,578,172,731,175,289,5.4,6.9,10664,5856,697,6553,1757,2354,4111,206,4111065
PENNSYLVANIA,2018,420824,784,4483,9848,24077,190816,27104,150596,13116,10262106,6423711,62.6,6150782,59.9,272929,4.2,49893,55607,10,4,59,3,0,17,6878,28,1669,1474,907,6,0,11,11066,97.5,99.7,87.3,101.3,1441,862,226,5970,2644,2070,447,1814,416,724,5.4,6.9,29181,22863,2642,25505,1282,2394,3676,1074,9791899
RHODE ISLAND,2018,37439,16,481,454,1366,17561,2810,13220,1531,861299,554554,64.4,532478,61.8,22076,4,48697,50671,1,0,3,0,0,1,300,1,65,93,46,0,0,0,510,99.3,98.9,95.6,102.3,177,127,23,522,181,150,41,178,39,67,5.4,6.9,3113,2296,198,2494,245,374,619,49,1057315
SOUTH CAROLINA,2018,331667,392,2434,3553,18446,153421,29473,109616,14332,4002506,2339939,58.5,2259057,56.4,80882,3.5,39401,40755,1,1,44,0,0,7,4802,8,926,735,487,4,0,2,7017,91.1,96.6,76.7,94.5,532,328,86,2038,1098,896,183,706,189,270,5.4,6.9,15215,9999,1554,11553,1292,2370,3662,335,4651913
SOUTH DAKOTA,2018,34072,12,614,262,2682,15251,2571,11156,1524,666848,459565,68.9,445472,66.8,14093,3.1,47947,52908,0,0,4,1,0,2,341,1,62,220,108,0,0,0,739,87.9,94.8,69.9,91.1,79,47,8,406,184,135,30,112,27,41,5.4,6.9,3008,1615,156,1771,585,652,1237,129,862436
TENNESSEE,2018,424784,498,2821,7190,31717,191279,33132,137708,20439,5323707,3254261,61.1,3139888,59,114373,3.5,42912,47799,7,1,89,3,4,143,8221,16,1511,1207,755,3,0,22,11982,89.9,96.2,75.1,91.7,679,451,103,2411,1563,1183,252,937,230,356,5.4,6.9,27737,15610,1753,17363,4876,5498,10374,454,6766324
TEXAS,2018,1476787,1322,14693,28256,73656,679430,117911,491702,69817,21589964,13816690,64,13285118,61.5,531572,3.8,46021,59827,3,4,165,3,0,58,20182,136,3232,3925,2101,12,0,13,29834,96.8,96.9,94.5,98.2,2315,1284,317,10498,4832,3918,796,3347,756,1218,5.4,6.9,70186,38960,5897,44857,10239,15090,25329,570,20609733
UTAH,2018,157680,60,1753,1236,4319,75156,9968,57460,7728,2297966,1569969,68.3,1522290,66.2,47679,3,41377,50356,0,1,10,0,0,75,1277,3,216,346,177,1,0,0,2106,96.6,95.1,96.1,99,244,137,39,679,361,298,139,550,141,217,5.4,6.9,7235,4728,378,5106,893,1236,2129,134,3146133
VERMONT,2018,17149,10,287,70,710,8036,1467,6316,253,517174,345300,66.8,336496,65.1,8804,2.5,48771,47649,0,0,0,0,0,2,108,5,27,74,36,0,0,0,252,103,98.9,112.5,102.3,129,100,18,334,129,102,27,104,26,43,5.4,6.9,1815,1242,150,1392,139,284,423,86,606587
VIRGINIA,2018,300802,391,2924,3604,10113,141885,15574,115533,10778,6633698,4341153,65.4,4209651,63.5,131502,3,50725,56110,0,0,55,3,0,19,7166,20,1139,1116,630,4,0,4,10156,102,99.4,108.8,100.8,773,477,126,3538,1391,1075,264,1115,267,402,5.4,6.9,24272,16719,2539,19258,1344,3670,5014,284,8516800
WASHINGTON,2018,467494,236,3413,5572,14251,222011,40201,154133,27677,5933401,3807013,64.2,3637581,61.3,169432,4.5,55538,68007,4,3,29,3,1,20,3045,27,650,874,458,4,0,2,5120,107.8,104.8,123.8,102.2,1380,971,150,3479,1319,1079,300,1269,303,487,5.4,6.9,15873,9754,1066,10820,2071,2982,5053,257,7507712
WEST VIRGINIA,2018,58890,67,652,572,3945,26827,5354,18954,2519,1455002,785196,54,744326,51.2,40870,5.2,37092,39617,0,4,20,0,0,0,952,1,270,346,196,2,0,1,1792,87.8,94.8,62.9,96.1,208,137,27,593,529,420,82,337,75,125,5.4,6.9,4538,3463,129,3592,359,587,946,291,1795624
WISCONSIN,2018,198548,176,2248,3489,11263,90686,14099,67953,8634,4610237,3118301,67.6,3024747,65.6,93554,3,45781,51938,1,2,30,1,1,4,3571,9,461,565,319,0,0,1,4965,91.9,96.2,83.7,92.4,614,409,110,2871,1124,901,244,859,231,363,5.4,6.9,18013,11028,1676,12704,2260,3049,5309,413,5708284
WYOMING,2018,21852,13,243,100,870,10313,1525,7949,839,447928,291428,65.1,280076,62.5,11352,3.9,54726,65859,3,0,3,0,0,0,118,0,40,41,22,0,0,1,228,92.7,97.7,80.7,94.9,57,34,6,229,127,94,21,88,22,30,5.4,6.9,2323,1358,132,1490,292,541,833,56,519563
